64, -1.1425E-03, 4.3133E-12, 7.5581E-11, 2.3126E-07
65, -1.0308E-03, 4.4072E-12, 5.1014E-11, 2.1580E-07
66, -1.0225E-03, 2.3570E-12, 2.4090E-11, 2.3536E-07
67, -9.4368E-04, 2.2551E-12, 1.6138E-11, 2.2065E-07
68, -9.6296E-04, 2.4273E-12, 1.4023E-11, 2.3895E-07
69, -9.1167E-04, 2.3922E-12, 1.1068E-11, 2.1816E-07
70, -9.5746E-04, 1.5651E-12, 8.8947E-12, 2.3403E-07
71, -9.4929E-04, 2.0549E-12, 8.5666E-12, 2.0592E-07
72, -9.5080E-04, 1.4450E-12, 7.9691E-12, 2.2924E-07
73, -9.4715E-04, 1.7945E-12, 8.6296E-12, 2.0510E-07
74, -9.3063E-04, 1.5985E-12, 7.1795E-12, 2.3339E-07
75, -9.2288E-04, 1.8618E-12, 7.5324E-12, 2.0903E-07
76, -9.6149E-04, 1.1373E-12, 7.9424E-12, 2.2243E-07
77, -9.9969E-04, 1.6370E-12, 1.1759E-11, 1.9023E-07
78, -1.0364E-03, 1.5734E-12, 1.2384E-11, 2.1387E-07
79, -9.0112E-04, 1.6938E-12, 7.9276E-12, 2.0689E-07
80, -1.0754E-03, 4.2827E-12, 5.2526E-11, 2.3642E-07
81, -9.7733E-04, 3.0604E-12, 1.8310E-11, 2.1429E-07
82, -9.5054E-04, 2.2814E-12, 1.1870E-11, 2.4342E-07
83, -9.0893E-04, 2.3804E-12, 1.0288E-11, 2.1938E-07
84, -9.3367E-04, 1.7140E-12, 8.5222E-12, 2.3953E-07
85, -9.1167E-04, 2.0986E-12, 8.2239E-12, 2.1223E-07
86, -9.6963E-04, 1.4683E-12, 8.0531E-12, 2.2734E-07
87, -9.2781E-04, 2.1778E-12, 8.4444E-12, 2.0665E-07
88, -9.6052E-04, 1.4738E-12, 8.1287E-12, 2.2963E-07
89, -8.8964E-04, 1.9439E-12, 7.1774E-12, 2.1204E-07
90, -9.4433E-04, 1.3495E-12, 8.5652E-12, 2.2654E-07
91, -9.8028E-04, 1.9965E-12, 1.0927E-11, 1.9254E-07
92, -1.0371E-03, 1.3743E-12, 1.3983E-11, 2.1163E-07
93, -8.9397E-04, 1.8897E-12, 8.6088E-12, 2.0722E-07
94, -9.1028E-04, 1.5023E-12, 7.5365E-12, 2.3394E-07
95, -8.2313E-04, 2.0499E-12, 6.5429E-12, 2.1789E-07
96, -1.1048E-03, 2.7152E-12, 2.5631E-11, 2.3038E-07
97, -9.4970E-04, 3.0040E-12, 1.2476E-11, 2.1875E-07
98, -9.5789E-04, 2.4154E-12, 1.0596E-11, 2.3918E-07
99, -9.0712E-04, 2.4264E-12, 8.8326E-12, 2.1794E-07
100, -9.4181E-04, 2.2153E-12, 8.4755E-12, 2.3313E-07
101, -9.0306E-04, 2.0258E-12, 8.4796E-12, 2.0889E-07
102, -9.5641E-04, 1.5282E-12, 8.6624E-12, 2.2527E-07
103, -8.7574E-04, 2.0350E-12, 8.6414E-12, 2.1207E-07
104, -9.1580E-04, 1.7827E-12, 7.0906E-12, 2.3134E-07
105, -9.1023E-04, 2.0270E-12, 8.7402E-12, 2.0306E-07
106, -1.0211E-03, 1.4772E-12, 1.2964E-11, 2.0741E-07
107, -8.9603E-04, 2.1960E-12, 1.1174E-11, 2.0314E-07
108, -9.0320E-04, 1.8595E-12, 8.0509E-12, 2.3027E-07
109, -8.2533E-04, 2.1817E-12, 6.5190E-12, 2.1765E-07
110, -8.4909E-04, 1.6028E-12, 6.5037E-12, 2.3871E-07
111, -8.6320E-04, 1.7358E-12, 6.6130E-12, 2.0976E-07
112, -1.0727E-03, 3.1886E-12, 2.2626E-11, 2.3060E-07
113, -9.7614E-04, 2.7429E-12, 1.3874E-11, 2.1374E-07
114, -9.5036E-04, 2.1381E-12, 1.0030E-11, 2.3749E-07
115, -9.1385E-04, 2.3545E-12, 9.1417E-12, 2.1242E-07
116, -9.3742E-04, 2.0912E-12, 9.0942E-12, 2.2863E-07
117, -9.2633E-04, 2.1267E-12, 8.7763E-12, 2.0555E-07
118, -9.1137E-04, 1.5510E-12, 7.9481E-12, 2.3251E-07
119, -8.8017E-04, 2.0003E-12, 7.4872E-12, 2.1042E-07
120, -9.2680E-04, 2.0079E-12, 9.3282E-12, 2.2199E-07
121, -9.8499E-04, 2.0046E-12, 1.4617E-11, 1.8993E-07
122, -9.1324E-04, 1.4807E-12, 8.9607E-12, 2.2741E-07
123, -8.5455E-04, 1.8090E-12, 7.8381E-12, 2.1187E-07
124, -8.4669E-04, 2.0772E-12, 6.9523E-12, 2.3900E-07
125, -8.3847E-04, 1.8836E-12, 5.9598E-12, 2.1571E-07
126, -8.9950E-04, 2.4165E-12, 1.7083E-10, 2.2431E-07
127, -8.4837E-04, 1.8644E-12, 8.5031E-12, 2.1087E-07
128, -1.0889E-03, 3.6180E-12, 2.4794E-11, 2.2627E-07
129, -1.0815E-03, 9.9000E+37, 9.9000E+37, -9.9000E+37
130, -9.7470E-04, 2.9828E-12, 1.2168E-11, 2.3107E-07
131, -9.4301E-04, 2.3107E-12, 1.1597E-11, 2.0658E-07
132, -9.2975E-04, 1.6773E-12, 8.6979E-12, 2.2666E-07
133, -9.1807E-04, 1.9404E-12, 9.1700E-12, 2.0954E-07
134, -8.8529E-04, 1.6278E-12, 7.4574E-12, 2.3204E-07
135, -9.0679E-04, 1.8228E-12, 8.5212E-12, 2.0344E-07
136, -9.9118E-04, 1.6945E-12, 1.5740E-11, 2.0823E-07
137, -8.8371E-04, 1.9551E-12, 9.4017E-12, 2.0664E-07
138, -8.7750E-04, 1.7652E-12, 7.3953E-12, 2.3299E-07
139, -8.2372E-04, 1.8715E-12, 6.4149E-12, 2.1802E-07
140, -8.5022E-04, 1.5441E-12, 6.3201E-12, 2.3515E-07
141, -9.1654E-04, 1.6991E-12, 8.9546E-12, 2.0356E-07
142, -8.6555E-04, 1.8887E-12, 7.7207E-12, 2.3369E-07
143, -8.3375E-04, 1.6154E-12, 6.0252E-12, 2.1632E-07
144, -1.1023E-03, 3.4843E-12, 2.3312E-11, 2.2568E-07
145, -1.0589E-03, 3.1091E-12, 1.8242E-11, 2.0562E-07
146, -1.0094E-03, 2.7392E-12, 1.7164E-11, 2.2299E-07
147, -9.5140E-04, 2.1475E-12, 1.3030E-11, 2.0683E-07
148, -9.5663E-04, 1.5752E-12, 1.2347E-11, 2.2374E-07
149, -8.9455E-04, 1.8463E-12, 8.1831E-12, 2.1187E-07
150, -9.0922E-04, 1.5221E-12, 9.0912E-12, 2.2768E-07
151, -9.6336E-04, 1.6814E-12, 1.2719E-11, 1.9154E-07
152, -9.4095E-04, 1.6873E-12, 1.2969E-11, 2.2192E-07
153, -8.7455E-04, 1.7193E-12, 8.6805E-12, 2.1105E-07
154, -8.4919E-04, 1.8389E-12, 6.7252E-12, 2.3821E-07
155, -8.3121E-04, 1.7425E-12, 6.4312E-12, 2.1408E-07
156, -9.1219E-04, 1.7548E-12, 8.5701E-12, 2.2173E-07
157, -8.5586E-04, 1.5862E-12, 8.1175E-12, 2.1305E-07
158, -8.3751E-04, 1.7864E-12, 6.2820E-12, 2.3701E-07
159, -8.8071E-04, 1.6460E-12, 7.0058E-12, 2.0748E-07
160, -1.0573E-03, 3.0983E-12, 1.8723E-11, 2.3227E-07
161, -1.0810E-03, 3.6475E-12, 2.4067E-11, 2.0128E-07
162, -1.0419E-03, 2.8674E-12, 2.5801E-11, 2.1921E-07
163, -9.8930E-04, 2.0676E-12, 1.8991E-11, 2.0284E-07
164, -9.4933E-04, 2.1752E-12, 1.3454E-11, 2.2854E-07
165, -9.1597E-04, 1.9612E-12, 9.5273E-12, 2.0878E-07
166, -9.2991E-04, 1.8705E-12, 1.2413E-11, 2.1952E-07
167, -9.7732E-04, 1.5398E-12, 1.6819E-11, 1.9301E-07
168, -8.9112E-04, 1.6254E-12, 8.5354E-12, 2.2963E-07
169, -8.4763E-04, 1.7908E-12, 7.2192E-12, 2.1534E-07
170, -8.3022E-04, 1.4807E-12, 6.8522E-12, 2.3923E-07
171, -8.7947E-04, 1.4232E-12, 6.7892E-12, 2.0697E-07
172, -8.9457E-04, 1.2441E-12, 1.1189E-11, 2.2893E-07
173, -8.4056E-04, 1.6651E-12, 6.3533E-12, 2.1690E-07
174, -8.5727E-04, 1.6099E-12, 6.7136E-12, 2.3106E-07
175, -9.0349E-04, 1.3700E-12, 1.0377E-11, 2.0376E-07
176, -9.8203E-04, 2.1350E-12, 1.3761E-11, 2.3699E-07
177, -1.0859E-03, 3.6632E-12, 2.6059E-11, 2.0025E-07
178, -1.0549E-03, 3.4767E-12, 3.8728E-11, 2.1843E-07
179, -1.0130E-03, 2.5819E-12, 2.7658E-11, 1.9946E-07
180, -9.4917E-04, 2.2708E-12, 1.4663E-11, 2.2905E-07
181, -9.2630E-04, 1.8583E-12, 1.3336E-11, 2.0668E-07
182, -9.5515E-04, 1.3342E-12, 1.5037E-11, 2.1411E-07
183, -9.5663E-04, 1.6914E-12, 1.6398E-11, 1.9889E-07
184, -8.9090E-04, 1.5930E-12, 8.9485E-12, 2.3165E-07
185, -8.4100E-04, 1.4721E-12, 6.6087E-12, 2.1673E-07
186, -8.3525E-04, 1.7193E-12, 6.2474E-12, 2.3709E-07
187, -9.1750E-04, 1.4542E-12, 8.7044E-12, 2.0299E-07
188, -8.4912E-04, 1.2427E-12, 7.3095E-12, 2.3606E-07
189, -8.2083E-04, 1.4815E-12, 6.0493E-12, 2.1594E-07
190, -8.8134E-04, 1.3704E-12, 7.8373E-12, 2.2633E-07
191, -8.9055E-04, 1.2635E-12, 8.7616E-12, 2.0588E-07
192, -9.2958E-04, 2.4185E-12, 1.3200E-11, 2.3903E-07
193, -1.0588E-03, 3.4431E-12, 3.1279E-11, 2.0039E-07
194, -1.0555E-03, 3.5680E-12, 3.5962E-11, 2.1754E-07
195, -1.0313E-03, 3.0631E-12, 4.3886E-11, 1.9802E-07
196, -9.5498E-04, 1.7654E-12, 1.5472E-11, 2.2773E-07
197, -9.3388E-04, 1.9675E-12, 1.5955E-11, 2.0461E-07
198, -9.7217E-04, 1.9694E-12, 1.8711E-11, 2.1015E-07
199, -9.4486E-04, 1.8322E-12, 1.5326E-11, 2.0246E-07
200, -8.8314E-04, 1.4615E-12, 8.5685E-12, 2.3188E-07
201, -8.2412E-04, 1.5241E-12, 7.2838E-12, 2.1623E-07
202, -8.4071E-04, 1.2997E-12, 6.9861E-12, 2.3414E-07
203, -9.1111E-04, 1.3374E-12, 1.0425E-11, 2.0468E-07
204, -8.3158E-04, 1.3107E-12, 6.5357E-12, 2.3719E-07
205, -8.1298E-04, 1.4285E-12, 6.2209E-12, 2.1350E-07
206, -9.1122E-04, 1.5830E-12, 8.9004E-12, 2.2573E-07
207, -9.0027E-04, 1.4389E-12, 8.6640E-12, 2.0433E-07
208, -8.9382E-04, 1.4098E-12, 8.9265E-12, 2.4504E-07
209, -1.0358E-03, 3.1065E-12, 3.0315E-11, 2.0221E-07
210, -1.0715E-03, 3.4733E-12, 3.5854E-11, 2.1768E-07
211, -1.0378E-03, 3.0879E-12, 4.9537E-11, 1.9780E-07
212, -9.5279E-04, 1.9286E-12, 1.6118E-11, 2.2709E-07
213, -9.2639E-04, 2.0223E-12, 1.7475E-11, 2.0440E-07
214, -9.7196E-04, 1.3741E-12, 2.1939E-11, 2.1013E-07
215, -9.4054E-04, 1.5966E-12, 1.4631E-11, 2.0285E-07
216, -8.9600E-04, 1.1416E-12, 8.3802E-12, 2.3128E-07
217, -8.5045E-04, 1.3370E-12, 6.7383E-12, 2.1591E-07
218, -8.5857E-04, 1.0817E-12, 6.3780E-12, 2.3321E-07
219, -9.2925E-04, 1.4666E-12, 1.0606E-11, 2.0432E-07
220, -8.2937E-04, 1.6661E-12, 6.7959E-12, 2.3691E-07
221, -8.4076E-04, 1.3658E-12, 6.3829E-12, 2.1221E-07
222, -1.0929E-03, 9.9000E+37, 9.9000E+37, 0.0000E+00
223, -8.8911E-04, 1.7197E-12, 9.1606E-12, 2.0225E-07
224, -9.0207E-04, 1.6651E-12, 9.3404E-12, 2.4412E-07
225, -1.0443E-03, 3.2913E-12, 2.7290E-11, 2.0278E-07
226, -1.0820E-03, 3.5937E-12, 4.0186E-11, 2.1730E-07
227, -1.0436E-03, 2.7998E-12, 4.1147E-11, 1.9737E-07
228, -9.6215E-04, 1.8589E-12, 1.9687E-11, 2.2609E-07
229, -1.0995E-03, 9.9000E+37, 9.9000E+37, 0.0000E+00
230, -9.7966E-04, 2.5338E-12, 1.9770E-11, 2.1358E-07
231, -9.7113E-04, 1.8263E-12, 1.6762E-11, 1.9965E-07
232, -8.3854E-04, 1.7012E-12, 8.0965E-12, 2.3009E-07
233, -7.8853E-04, 1.7006E-12, 6.8632E-12, 2.1539E-07
234, -8.3820E-04, 1.6315E-12, 6.9443E-12, 2.3484E-07
235, -9.2290E-04, 1.4326E-12, 1.0209E-11, 2.0334E-07
236, -8.3790E-04, 1.2011E-12, 7.7798E-12, 2.3473E-07
237, -8.4950E-04, 1.5490E-12, 6.7809E-12, 2.1481E-07
238, -8.5034E-04, 1.4937E-12, 9.0243E-12, 2.2609E-07
239, -8.9000E-04, 1.2836E-12, 8.4627E-12, 2.0447E-07
240, -9.3863E-04, 1.9789E-12, 1.0450E-11, 2.4253E-07
241, -1.0697E-03, 3.3771E-12, 2.3416E-11, 2.0333E-07
242, -1.0707E-03, 3.1405E-12, 4.1706E-11, 2.1705E-07
243, -1.0234E-03, 2.4103E-12, 3.2107E-11, 2.0004E-07
244, -9.7243E-04, 1.8104E-12, 2.0282E-11, 2.2661E-07
245, -9.1776E-04, 1.6955E-12, 1.2474E-11, 2.0727E-07
246, -9.5970E-04, 1.2840E-12, 1.4426E-11, 2.1940E-07
247, -1.0006E-03, 1.7578E-12, 2.1406E-11, 1.9451E-07
248, -9.0845E-04, 1.6299E-12, 9.1494E-12, 2.2953E-07
249, -8.7904E-04, 1.4652E-12, 7.5275E-12, 2.1355E-07
250, -8.5965E-04, 1.0124E-12, 6.4976E-12, 2.3741E-07
251, -8.9833E-04, 1.4711E-12, 6.6892E-12, 2.0616E-07
252, -8.7830E-04, 1.3674E-12, 1.0276E-11, 2.2980E-07
253, -8.4101E-04, 1.5241E-12, 6.4016E-12, 2.1613E-07
254, -8.8841E-04, 1.4200E-12, 7.0028E-12, 2.2886E-07
255, -9.0776E-04, 1.3782E-12, 9.0190E-12, 2.0656E-07
256, -1.0069E-03, 2.1326E-12, 1.6731E-11, 2.3866E-07
257, -1.0867E-03, 3.3153E-12, 2.3143E-11, 2.0525E-07
258, -1.0586E-03, 3.0358E-12, 3.3582E-11, 2.1936E-07
259, -1.0050E-03, 2.0829E-12, 1.9132E-11, 2.0445E-07
260, -9.7641E-04, 2.1866E-12, 2.0422E-11, 2.2491E-07
261, -9.1502E-04, 1.5359E-12, 9.8201E-12, 2.1002E-07
262, -9.2240E-04, 1.5740E-12, 1.1368E-11, 2.2578E-07
263, -9.9616E-04, 1.4827E-12, 1.6015E-11, 1.9236E-07
264, -9.3109E-04, 1.6890E-12, 1.5248E-11, 2.2386E-07
265, -9.1026E-04, 1.3291E-12, 7.6963E-12, 2.0906E-07
266, -1.2347E-03, 9.9000E+37, 9.9000E+37, 0.0000E+00
267, -8.5482E-04, 1.9072E-12, 6.7106E-12, 2.1442E-07
268, -9.2058E-04, 1.1499E-12, 1.0156E-11, 2.2370E-07
269, -8.6034E-04, 1.4583E-12, 7.9551E-12, 2.1305E-07
270, -8.5480E-04, 1.3931E-12, 6.5105E-12, 2.3602E-07
271, -9.0218E-04, 1.4138E-12, 8.6830E-12, 2.0677E-07
272, -1.0616E-03, 2.7672E-12, 1.9660E-11, 2.3383E-07
273, -1.0876E-03, 3.6084E-12, 2.1187E-11, 2.0613E-07
274, -1.0339E-03, 2.0710E-12, 1.6566E-11, 2.2523E-07
275, -9.9380E-04, 2.2832E-12, 2.2647E-11, 2.0591E-07
276, -9.7254E-04, 1.4619E-12, 1.3714E-11, 2.2572E-07
277, -9.1958E-04, 1.6199E-12, 1.0972E-11, 2.0931E-07
278, -8.9793E-04, 1.4890E-12, 9.6387E-12, 2.2941E-07
279, -9.2915E-04, 1.4263E-12, 1.1738E-11, 2.0111E-07
280, -9.9050E-04, 2.2066E-12, 1.8442E-11, 2.1287E-07
281, -9.0727E-04, 1.7668E-13, 8.2322E-12, 2.0777E-07
282, -8.8218E-04, 1.4006E-12, 8.3221E-12, 2.3218E-07
283, -8.6574E-04, 1.5039E-12, 7.1750E-12, 2.1648E-07
284, -8.5432E-04, 1.2901E-12, 7.2787E-12, 2.3305E-07
285, -9.1351E-04, 1.4354E-12, 1.0719E-11, 2.0380E-07
286, -8.5549E-04, 1.4369E-12, 7.7849E-12, 2.3427E-07
287, -8.4833E-04, 1.3103E-12, 6.5901E-12, 2.1480E-07
288, -1.1043E-03, 3.3137E-12, 2.1967E-11, 2.3033E-07
289, -1.0601E-03, 2.9196E-12, 1.7790E-11, 2.1016E-07
290, -9.9811E-04, 2.4768E-12, 1.2185E-11, 2.3246E-07
291, -9.5887E-04, 1.9920E-12, 1.2682E-11, 2.0794E-07
292, -9.2501E-04, 1.4756E-12, 9.3520E-12, 2.3018E-07
293, -9.3088E-04, 1.5471E-12, 9.4604E-12, 2.0638E-07
294, -8.8413E-04, 1.6576E-12, 7.6661E-12, 2.3181E-07
295, -8.9846E-04, 1.4668E-12, 8.6740E-12, 2.0864E-07
296, -9.5847E-04, 1.3111E-12, 1.1642E-11, 2.1824E-07
297, -9.8912E-04, 1.4821E-12, 1.6833E-11, 1.9546E-07
298, -9.0216E-04, 1.0580E-12, 9.1127E-12, 2.2870E-07
299, -8.7514E-04, 1.1167E-12, 7.4560E-12, 2.1154E-07
300, -8.3522E-04, 1.6138E-12, 6.6401E-12, 2.3756E-07
301, -8.2654E-04, 1.3931E-12, 6.5726E-12, 2.1441E-07
302, -9.0567E-04, 1.3028E-12, 9.8890E-12, 2.2383E-07
303, -8.6934E-04, 1.2178E-12, 8.2611E-12, 2.1182E-07
304, -1.0920E-03, 2.9496E-12, 2.3616E-11, 2.2820E-07
305, -9.9617E-04, 2.6543E-12, 1.3547E-11, 2.1355E-07
306, -9.4030E-04, 1.5200E-12, 9.8555E-12, 2.3864E-07
307, -9.1085E-04, 1.6810E-12, 8.8619E-12, 2.1604E-07
308, -9.0659E-04, 1.7470E-12, 9.3787E-12, 2.3030E-07
309, -8.6963E-04, 1.2965E-12, 7.0672E-12, 2.1171E-07
310, -8.9821E-04, 1.6038E-12, 8.5627E-12, 2.2825E-07
311, -8.6074E-04, 1.3470E-12, 7.9494E-12, 2.1184E-07
312, -8.8073E-04, 1.3417E-12, 7.7684E-12, 2.2937E-07
313, -8.8103E-04, 1.4454E-12, 1.2105E-11, 1.9909E-07
314, -9.4857E-04, 1.1811E-12, 1.6648E-11, 2.1430E-07
315, -8.8513E-04, 1.3653E-12, 9.3805E-12, 2.0694E-07
316, -8.7014E-04, 1.2661E-12, 8.0464E-12, 2.3086E-07
317, -8.4876E-04, 1.3786E-12, 6.6315E-12, 2.1558E-07
318, -8.3394E-04, 1.3945E-12, 6.5102E-12, 2.3719E-07
319, -8.6237E-04, 1.2476E-12, 7.0841E-12, 2.0773E-07
320, -1.0461E-03, 2.5440E-12, 1.7006E-11, 2.3018E-07
321, -9.6537E-04, 2.1662E-12, 1.1344E-11, 2.1554E-07
322, -9.1760E-04, 1.9062E-12, 8.8978E-12, 2.4108E-07
323, -8.7934E-04, 1.6050E-12, 7.3792E-12, 2.2109E-07
324, -8.7481E-04, 1.0896E-12, 6.6523E-12, 2.3934E-07
325, -8.9078E-04, 1.1383E-12, 6.8025E-12, 2.1064E-07
326, -8.7137E-04, 1.4310E-12, 7.4462E-12, 2.3306E-07
327, -8.9728E-04, 1.2539E-12, 7.9210E-12, 2.0806E-07
328, -8.6514E-04, 1.3529E-12, 8.0085E-12, 2.3148E-07
329, -8.7265E-04, 1.5161E-12, 7.9092E-12, 2.0984E-07
330, -9.1017E-04, 1.3643E-12, 9.6086E-12, 2.2164E-07
331, -9.4875E-04, 1.4330E-12, 1.5323E-11, 1.9300E-07
332, -8.9227E-04, 1.4098E-12, 1.3025E-11, 2.2217E-07
333, -8.6604E-04, 1.2103E-12, 8.4977E-12, 2.0822E-07
334, -8.5037E-04, 1.1773E-12, 7.7490E-12, 2.3252E-07
335, -8.4547E-04, 1.2914E-12, 6.9266E-12, 2.1628E-07
336, -9.8466E-04, 2.0388E-12, 1.8332E-11, 2.3252E-07
337, -9.1992E-04, 1.9429E-12, 9.7655E-12, 2.1709E-07
338, -8.8375E-04, 1.3069E-12, 7.6657E-12, 2.4181E-07
339, -8.5446E-04, 1.7472E-12, 6.7978E-12, 2.2315E-07
340, -8.4453E-04, 1.1728E-12, 6.1546E-12, 2.4429E-07
341, -8.5006E-04, 1.4611E-12, 6.4412E-12, 2.1917E-07
342, -8.8012E-04, 1.3922E-12, 6.7568E-12, 2.3340E-07
343, -8.7741E-04, 1.2294E-12, 7.2068E-12, 2.1250E-07
344, -8.9360E-04, 1.4018E-12, 7.5059E-12, 2.2950E-07
345, -8.8377E-04, 1.2577E-12, 8.1535E-12, 2.0900E-07
346, -8.5989E-04, 1.5007E-12, 7.4713E-12, 2.3087E-07
347, -1.0279E-03, 9.9000E+37, 9.9000E+37, 0.0000E+00
348, -9.3247E-04, 1.4134E-12, 1.3441E-11, 2.1580E-07
349, -9.4976E-04, 1.5575E-12, 1.9269E-11, 1.9381E-07
350, -8.8694E-04, 1.5622E-12, 1.1526E-11, 2.2416E-07
351, -8.6803E-04, 1.4110E-12, 7.7425E-12, 2.0836E-07
352, -9.5062E-04, 2.1128E-12, 1.5391E-11, 2.3633E-07
353, -9.0474E-04, 1.6881E-12, 8.9385E-12, 2.1739E-07
354, -8.7919E-04, 1.6429E-12, 7.7955E-12, 2.4231E-07
355, -8.5747E-04, 1.4191E-12, 6.8958E-12, 2.2230E-07
356, -8.4037E-04, 1.6439E-12, 6.4452E-12, 2.4583E-07
357, -8.3626E-04, 1.4931E-12, 6.0746E-12, 2.2397E-07
358, -8.4172E-04, 1.2683E-12, 5.7815E-12, 2.4208E-07
359, -8.4275E-04, 1.3594E-12, 5.7895E-12, 2.1696E-07
360, -8.7844E-04, 1.0727E-12, 7.2231E-12, 2.3095E-07
361, -8.6465E-04, 1.2769E-12, 6.4793E-12, 2.1224E-07
362, -8.8768E-04, 8.4121E-13, 7.6066E-12, 2.2707E-07
363, -8.7031E-04, 1.1322E-12, 7.7849E-12, 2.1029E-07
364, -8.7361E-04, 1.4004E-12, 8.0922E-12, 2.3029E-07
365, -8.9295E-04, 1.4960E-12, 8.8982E-12, 2.0608E-07
366, -9.3531E-04, 1.2416E-12, 1.2629E-11, 2.1639E-07
367, -9.5284E-04, 1.3437E-12, 1.6956E-11, 1.9258E-07
368, -9.2831E-04, 1.4177E-12, 1.4594E-11, 2.4718E-07
369, -8.7179E-04, 1.6449E-12, 9.6709E-12, 2.2017E-07
370, -8.6583E-04, 1.1051E-12, 7.9504E-12, 2.3913E-07
371, -8.5677E-04, 1.4892E-12, 6.7181E-12, 2.2243E-07
372, -8.3051E-04, 9.6532E-13, 6.3647E-12, 2.4414E-07
373, -8.1429E-04, 1.3246E-12, 5.9097E-12, 2.2340E-07
374, -8.4731E-04, 1.3996E-12, 6.2311E-12, 2.4652E-07
375, -8.1467E-04, 1.2095E-12, 5.5180E-12, 2.2293E-07
376, -8.2516E-04, 1.0623E-12, 5.6780E-12, 2.4046E-07
377, -8.2865E-04, 1.2681E-12, 6.3780E-12, 2.1369E-07
378, -8.4070E-04, 2.2494E-12, 4.8086E-10, 2.3099E-07
379, -8.3368E-04, 1.3270E-12, 7.1854E-12, 2.1064E-07
380, -8.6687E-04, 7.4707E-13, 8.0710E-12, 2.2603E-07
381, -8.3734E-04, 1.2928E-12, 9.0164E-12, 2.0855E-07
382, -8.4938E-04, 1.1632E-12, 7.5000E-12, 2.3046E-07
383, -8.5410E-04, 1.1909E-12, 8.2082E-12, 2.0767E-07
384, -8.3620E-04, 1.6918E-12, 2.0007E-11, 2.5375E-07
385, -8.3078E-04, 1.7214E-12, 1.1819E-11, 2.2895E-07
386, -8.5886E-04, 1.2469E-12, 9.5460E-12, 2.4562E-07
387, -8.7320E-04, 1.2934E-12, 7.1196E-12, 2.1783E-07
388, -8.5141E-04, 9.3699E-13, 6.1396E-12, 2.4378E-07
389, -8.5178E-04, 1.4450E-12, 6.0020E-12, 2.2253E-07
390, -8.4213E-04, 1.3105E-12, 6.0650E-12, 2.4483E-07
391, -8.2757E-04, 1.4756E-12, 5.6354E-12, 2.2460E-07
392, -8.1595E-04, 1.4821E-12, 5.8180E-12, 2.4564E-07
393, -8.0150E-04, 1.2363E-12, 5.9172E-12, 2.2182E-07
394, -8.3207E-04, 1.2196E-12, 5.6124E-12, 2.3921E-07
395, -8.4343E-04, 1.2624E-12, 6.3409E-12, 2.1375E-07
396, -8.7638E-04, 1.3336E-12, 7.4621E-12, 2.2982E-07
397, -8.7509E-04, 1.1693E-12, 6.1942E-12, 2.1114E-07
398, -9.0417E-04, 1.2539E-12, 7.8297E-12, 2.2621E-07
399, -8.9995E-04, 1.0823E-12, 9.0997E-12, 2.0603E-07
400, -8.4601E-04, 1.7543E-11, 2.5607E-10, 2.4151E-07
401, -8.2476E-04, 2.0468E-12, 1.8335E-11, 2.2818E-07
402, -8.3796E-04, 1.7295E-12, 1.2167E-11, 2.5495E-07
403, -8.5041E-04, 1.4672E-12, 9.1739E-12, 2.2805E-07
404, -8.4788E-04, 1.1412E-12, 7.5298E-12, 2.4377E-07
405, -8.5428E-04, 1.3939E-12, 6.2042E-12, 2.1805E-07
406, -8.3442E-04, 1.3880E-12, 5.6696E-12, 2.4457E-07
407, -8.4360E-04, 1.3301E-12, 6.1147E-12, 2.2144E-07
408, -8.2184E-04, 1.2950E-12, 6.1021E-12, 2.4376E-07
409, -8.2017E-04, 1.2663E-12, 5.7689E-12, 2.2362E-07
410, -8.2431E-04, 9.3353E-13, 5.7406E-12, 2.4452E-07
411, -8.3328E-04, 1.3411E-12, 6.2520E-12, 2.2172E-07
412, -8.4926E-04, 1.0819E-12, 6.1451E-12, 2.3933E-07
413, -8.5460E-04, 1.2461E-12, 6.2117E-12, 2.1599E-07
414, -8.9480E-04, 1.2967E-12, 6.8055E-12, 2.3093E-07
415, -9.0124E-04, 1.0193E-12, 7.3690E-12, 2.0893E-07
544, -9.4995E-04, 7.4156E-13, 6.6580E-12, 2.2627E-07
545, -9.2312E-04, 4.3813E-14, 6.0102E-12, 2.1080E-07
546, -9.0478E-04, 1.2997E-12, 5.9871E-12, 2.3487E-07
547, -8.9134E-04, 1.2669E-12, 6.0230E-12, 2.1622E-07
548, -9.2855E-04, 1.3721E-12, 6.4750E-12, 2.3356E-07
549, -9.1261E-04, 1.2286E-12, 7.0113E-12, 2.0938E-07
550, -9.9096E-04, 1.8857E-11, 9.9000E+37, 2.2276E-07
551, -1.0044E-03, 1.4760E-12, 1.3504E-11, 1.9379E-07
552, -9.8245E-04, 1.5536E-12, 1.0728E-11, 2.1794E-07
553, -9.4517E-04, 1.7574E-12, 1.0105E-11, 2.0331E-07
554, -1.1967E-03, 9.9000E+37, 9.9000E+37, 0.0000E+00
555, -1.0321E-03, 2.5876E-12, 1.4370E-11, 2.0196E-07
556, -1.1009E-03, 2.5243E-12, 1.8839E-11, 2.1851E-07
557, -1.1191E-03, 3.0535E-12, 3.8249E-11, 1.9564E-07
558, -1.1742E-03, 5.9105E-12, 9.2282E-11, 2.1479E-07
559, -1.1778E-03, 7.0305E-12, 1.3042E-10, 1.9754E-07
560, -8.7989E-04, 7.2771E-13, 5.9382E-12, 2.3423E-07
561, -8.6851E-04, 1.4310E-12, 6.4073E-12, 2.1365E-07
562, -9.3641E-04, 1.4520E-12, 7.1937E-12, 2.2965E-07
563, -9.3849E-04, 1.2421E-12, 8.0820E-12, 2.0576E-07
564, -9.1841E-04, 1.3126E-12, 6.4744E-12, 2.3127E-07
565, -8.6907E-04, 1.5214E-12, 6.1891E-12, 2.1572E-07
566, -8.7974E-04, 1.3800E-12, 6.5671E-12, 2.3405E-07
567, -8.9782E-04, 1.4687E-12, 6.9368E-12, 2.0934E-07
568, -9.4635E-04, 1.5557E-12, 1.0039E-11, 2.2237E-07
569, -9.8356E-04, 1.5979E-12, 1.4266E-11, 1.9343E-07
570, -9.3130E-04, 1.4801E-12, 9.5209E-12, 2.1977E-07
571, -9.2235E-04, 1.7970E-12, 1.2619E-11, 2.0439E-07
572, -1.0463E-03, 1.6521E-12, 1.1494E-11, 2.2397E-07
573, -1.0663E-03, 2.2112E-12, 1.3847E-11, 1.9959E-07
574, -1.1258E-03, 3.2000E-12, 3.3216E-11, 2.1519E-07
575, -1.1673E-03, 4.7948E-12, 6.6063E-11, 1.9434E-07
576, -9.6055E-04, 9.8610E-13, 8.2078E-12, 2.1963E-07
577, -9.1150E-04, 1.1978E-12, 6.2855E-12, 2.0774E-07
578, -8.7137E-04, 1.1614E-12, 6.0847E-12, 2.3218E-07
579, -8.5624E-04, 1.2867E-12, 6.2906E-12, 2.1309E-07
580, -8.8649E-04, 1.1811E-12, 6.4336E-12, 2.3174E-07
581, -9.1891E-04, 1.1563E-12, 7.4195E-12, 2.0600E-07
582, -8.8761E-04, 1.3975E-12, 6.2688E-12, 2.3056E-07
583, -8.6963E-04, 1.3607E-12, 6.3792E-12, 2.1483E-07
584, -8.7871E-04, 1.3778E-12, 6.9329E-12, 2.3176E-07
585, -9.2092E-04, 1.4464E-12, 7.6769E-12, 2.0711E-07
586, -9.6083E-04, 1.6370E-12, 1.4391E-11, 2.1563E-07
587, -9.4845E-04, 1.6643E-12, 1.3774E-11, 1.9693E-07
588, -9.2617E-04, 1.6335E-12, 1.0837E-11, 2.2265E-07
589, -1.0147E-03, 2.2426E-12, 3.1420E-11, 2.0613E-07
590, -1.0909E-03, 1.9883E-12, 1.5087E-11, 2.1821E-07
591, -1.1338E-03, 3.1107E-12, 3.2573E-11, 1.9632E-07
592, -9.0926E-04, 1.1524E-12, 7.5467E-12, 2.2694E-07
593, -9.0007E-04, 1.3906E-12, 8.8623E-12, 2.0651E-07
594, -9.4179E-04, 1.2594E-12, 1.0761E-11, 2.2017E-07
595, -9.1372E-04, 1.2202E-12, 6.8296E-12, 2.0456E-07
596, -8.6229E-04, 1.2296E-12, 5.9884E-12, 2.3224E-07
597, -8.5786E-04, 1.3270E-12, 6.3937E-12, 2.1315E-07
598, -9.0245E-04, 1.1589E-12, 7.5887E-12, 2.2907E-07
599, -9.1899E-04, 1.1569E-12, 6.8167E-12, 2.0646E-07
600, -8.8895E-04, 1.4354E-12, 6.2781E-12, 2.3324E-07
601, -8.7405E-04, 1.3747E-12, 6.5263E-12, 2.1321E-07
602, -9.0386E-04, 1.5726E-12, 8.0390E-12, 2.2715E-07
603, -9.2369E-04, 1.5218E-12, 1.2997E-11, 1.9990E-07
604, -9.4825E-04, 1.5316E-12, 2.2531E-11, 2.1444E-07
605, -9.2463E-04, 1.8351E-12, 9.7380E-12, 2.0333E-07
606, -1.0397E-03, 1.6089E-12, 1.0384E-11, 2.2535E-07
607, -1.1037E-03, 2.1016E-12, 1.6052E-11, 1.9943E-07
608, -9.0876E-04, 1.1145E-12, 8.1892E-12, 2.2628E-07
609, -8.9547E-04, 1.3552E-12, 7.8680E-12, 2.0582E-07
610, -8.8018E-04, 1.2820E-12, 7.0896E-12, 2.2737E-07
611, -8.8842E-04, 1.3727E-12, 7.3529E-12, 2.0726E-07
612, -9.4789E-04, 1.4171E-12, 8.4291E-12, 2.2028E-07
613, -8.8588E-04, 1.2048E-12, 6.6242E-12, 2.0959E-07
614, -8.5475E-04, 1.2461E-12, 5.9433E-12, 2.3245E-07
615, -8.6327E-04, 1.2967E-12, 6.7605E-12, 2.1198E-07
616, -9.2035E-04, 1.4132E-12, 7.6266E-12, 2.2538E-07
617, -8.6995E-04, 1.3935E-12, 6.0766E-12, 2.1284E-07
618, -8.7444E-04, 1.3105E-12, 6.3806E-12, 2.3285E-07
619, -8.9732E-04, 1.4191E-12, 6.9372E-12, 2.0835E-07
620, -9.5063E-04, 1.5522E-12, 1.3761E-11, 2.1792E-07
621, -9.5850E-04, 1.5773E-12, 9.9167E-12, 1.9794E-07
622, -9.5079E-04, 1.5989E-12, 1.1109E-11, 2.2415E-07
623, -1.0352E-03, 1.8838E-12, 1.1257E-11, 2.0585E-07
624, -8.7089E-04, 1.1499E-12, 6.5070E-12, 2.2981E-07
625, -8.7867E-04, 1.2824E-12, 7.3207E-12, 2.0891E-07
626, -9.0830E-04, 1.2912E-12, 7.9944E-12, 2.2461E-07
627, -8.9995E-04, 1.3547E-12, 6.6706E-12, 2.0621E-07
628, -8.8720E-04, 1.2037E-12, 7.4187E-12, 2.2673E-07
629, -9.3205E-04, 1.5659E-12, 1.0404E-11, 2.0143E-07
630, -8.8415E-04, 1.2260E-12, 6.4051E-12, 2.2712E-07
631, -8.4717E-04, 1.2196E-12, 6.2465E-12, 2.1227E-07
632, -8.6468E-04, 1.2948E-12, 6.6566E-12, 2.3096E-07
633, -9.0144E-04, 1.4240E-12, 7.2176E-12, 2.0671E-07
634, -8.6988E-04, 1.4414E-12, 6.2288E-12, 2.3299E-07
635, -8.6879E-04, 1.2622E-12, 6.7179E-12, 2.1260E-07
636, -8.9247E-04, 1.5384E-12, 7.6139E-12, 2.2695E-07
637, -9.5426E-04, 1.5243E-12, 1.1631E-11, 1.9662E-07
638, -9.5044E-04, 1.3678E-12, 1.0521E-11, 2.1999E-07
639, -9.5487E-04, 1.5834E-12, 1.0002E-11, 2.0541E-07
640, -9.0040E-04, 1.1954E-12, 7.7297E-12, 2.2328E-07
641, -8.7853E-04, 1.1773E-12, 6.7195E-12, 2.0653E-07
642, -8.7685E-04, 1.2606E-12, 8.2181E-12, 2.2849E-07
643, -8.9292E-04, 1.3772E-12, 8.2528E-12, 2.0472E-07
644, -8.9043E-04, 1.2202E-12, 7.8737E-12, 2.2444E-07
645, -8.6933E-04, 1.3409E-12, 8.1114E-12, 2.0666E-07
646, -9.1457E-04, 1.2516E-12, 9.7210E-12, 2.2009E-07
647, -8.5585E-04, 1.3727E-12, 6.5080E-12, 2.0937E-07
648, -8.4163E-04, 1.2492E-12, 6.8106E-12, 2.3183E-07
649, -8.6598E-04, 1.2665E-12, 7.9196E-12, 2.0868E-07
650, -8.8725E-04, 1.2830E-12, 6.4664E-12, 2.2887E-07
651, -8.6228E-04, 1.3721E-12, 1.5444E-11, 2.1412E-07
652, -8.8231E-04, 1.4075E-12, 6.7499E-12, 2.2951E-07
653, -9.1866E-04, 1.5229E-12, 9.9216E-12, 2.0313E-07
654, -9.6343E-04, 1.2673E-12, 1.2262E-11, 2.1292E-07
655, -9.4578E-04, -2.6660E-10, 1.1295E-11, 2.0355E-07
656, -8.9678E-04, 1.0004E-12, 8.5381E-12, 2.2659E-07
657, -9.0354E-04, 1.1848E-12, 8.9695E-12, 2.0322E-07
658, -8.7472E-04, 1.1082E-12, 6.2074E-12, 2.2705E-07
659, -8.7077E-04, 1.5043E-12, 7.0458E-12, 2.0812E-07
660, -8.9441E-04, 1.2516E-12, 8.2887E-12, 2.2295E-07
661, -8.6513E-04, 1.2274E-12, 6.6527E-12, 2.0634E-07
662, -8.8946E-04, 1.2315E-12, 9.3257E-12, 2.2264E-07
663, -8.9711E-04, 1.4112E-12, 7.8868E-12, 2.0372E-07
664, -8.4459E-04, 1.3761E-12, 6.4263E-12, 2.3081E-07
665, -8.4314E-04, 1.4509E-12, 6.4730E-12, 2.1174E-07
666, -9.0466E-04, 1.1499E-12, 9.4722E-12, 2.2488E-07
667, -8.6657E-04, 1.4497E-12, 6.2741E-12, 2.1308E-07
668, -8.7443E-04, 1.2645E-12, 6.7595E-12, 2.3135E-07
669, -8.9723E-04, 1.5394E-12, 7.6677E-12, 2.0705E-07
670, -9.7622E-04, 1.3325E-12, 1.2500E-11, 2.1266E-07
671, -9.4560E-04, 1.5502E-12, 1.1331E-11, 2.0134E-07
672, -9.0072E-04, 8.8707E-13, 7.1407E-12, 2.2627E-07
673, -9.0723E-04, 1.3423E-12, 8.8389E-12, 2.0523E-07
674, -8.9092E-04, 1.1098E-12, 7.0927E-12, 2.2314E-07
675, -8.5615E-04, 1.3574E-12, 6.5054E-12, 2.0868E-07
676, -8.8823E-04, 1.2948E-12, 8.6475E-12, 2.2404E-07
677, -8.8485E-04, 1.0250E-12, 8.6188E-12, 2.0509E-07
678, -8.7671E-04, 1.3411E-12, 8.1224E-12, 2.2392E-07
679, -9.0714E-04, 1.2626E-12, 8.7282E-12, 2.0191E-07
680, -8.4830E-04, 1.3356E-12, 6.0949E-12, 2.2998E-07
681, -8.4353E-04, 1.3289E-12, 6.2472E-12, 2.1122E-07
682, -9.0148E-04, 7.5563E-12, 3.5821E-10, 2.2829E-07
683, -8.7359E-04, 1.2145E-12, 6.2044E-12, 2.1173E-07
684, -8.7496E-04, 1.5062E-12, 6.3941E-12, 2.3210E-07
685, -8.9189E-04, 1.2671E-12, 7.2738E-12, 2.0772E-07
686, -9.6990E-04, 1.3710E-12, 1.2613E-11, 2.1273E-07
687, -9.4241E-04, 1.5009E-12, 1.0872E-11, 2.0027E-07
688, -9.0122E-04, 9.8549E-13, 7.0488E-12, 2.2588E-07
689, -9.0362E-04, 1.3093E-12, 8.8417E-12, 2.0593E-07
690, -8.9704E-04, 1.1909E-12, 7.4368E-12, 2.2317E-07
691, -8.8994E-04, 1.2355E-12, 6.9918E-12, 2.0925E-07
692, -8.8664E-04, 1.2704E-12, 7.7977E-12, 2.2517E-07
693, -9.0429E-04, 1.3541E-12, 7.7480E-12, 2.0550E-07
694, -8.9309E-04, 1.3032E-12, 8.8285E-12, 2.2386E-07
695, -9.1599E-04, 1.4012E-12, 8.5175E-12, 2.0181E-07
696, -8.6120E-04, 1.3517E-12, 6.4132E-12, 2.2978E-07
697, -8.4966E-04, 1.5025E-12, 6.7356E-12, 2.1136E-07
698, -8.9657E-04, 1.2967E-12, 8.4794E-12, 2.2397E-07
699, -8.7436E-04, 1.2416E-12, 6.1946E-12, 2.0982E-07
700, -8.7968E-04, 1.3945E-12, 6.5306E-12, 2.3106E-07
701, -8.9494E-04, 1.3358E-12, 6.6445E-12, 2.0783E-07
702, -9.6226E-04, 1.3301E-12, 1.2955E-11, 2.1327E-07
703, -9.3954E-04, 1.3831E-12, 1.0846E-11, 2.0002E-07
704, -8.9574E-04, 9.2273E-13, 7.2591E-12, 2.2716E-07
705, -9.2232E-04, 1.4304E-12, 1.0587E-11, 2.0306E-07
706, -8.8409E-04, 1.1418E-12, 6.7654E-12, 2.2548E-07
707, -8.5700E-04, 1.2133E-12, 7.2102E-12, 2.0864E-07
708, -8.8616E-04, 1.2946E-12, 7.8697E-12, 2.2442E-07
709, -8.8509E-04, 1.3262E-12, 7.1626E-12, 2.0656E-07
710, -8.8937E-04, 1.1832E-12, 8.7463E-12, 2.2212E-07
711, -9.0051E-04, 1.2107E-12, 9.4948E-12, 2.0334E-07
712, -8.5450E-04, 1.2015E-12, 6.0354E-12, 2.3039E-07
713, -8.6534E-04, 1.3193E-12, 6.5076E-12, 2.1079E-07
714, -9.0657E-04, 1.9477E-10, 9.9000E+37, 2.2253E-07
715, -8.6392E-04, 1.4138E-12, 6.2470E-12, 2.1218E-07
716, -8.8401E-04, 1.3861E-12, 6.5649E-12, 2.3064E-07
717, -8.9490E-04, 1.4346E-12, 7.6840E-12, 2.0704E-07
718, -9.6582E-04, 1.3984E-12, 1.3569E-11, 2.1240E-07
719, -9.3738E-04, 1.3800E-12, 1.0998E-11, 2.0089E-07
720, -9.2502E-04, 9.6450E-13, 1.0913E-11, 2.2268E-07
721, -9.1699E-04, 1.2223E-12, 7.3612E-12, 2.0306E-07
722, -8.6745E-04, 1.3725E-12, 7.1377E-12, 2.2842E-07
723, -8.8235E-04, 1.1805E-12, 8.0339E-12, 2.0616E-07
724, -9.0928E-04, 1.2545E-12, 8.0867E-12, 2.2418E-07
725, -8.8576E-04, 1.3774E-12, 8.6172E-12, 2.0532E-07
726, -9.1681E-04, 1.2743E-12, 1.0212E-11, 2.1831E-07
727, -8.6785E-04, 1.2781E-12, 6.7970E-12, 2.0765E-07
728, -8.5027E-04, 1.3804E-12, 6.3380E-12, 2.3162E-07
729, -8.9098E-04, 1.4049E-12, 7.7592E-12, 2.0778E-07
730, -9.0299E-04, 1.1220E-12, 7.3676E-12, 2.2527E-07
731, -8.6639E-04, 1.2690E-12, 6.2834E-12, 2.1248E-07
732, -8.9019E-04, 1.4658E-12, 6.8974E-12, 2.2845E-07
733, -9.0932E-04, 1.3016E-12, 8.1065E-12, 2.0439E-07
734, -9.7416E-04, 1.2286E-12, 1.3493E-11, 2.1208E-07
735, -9.2168E-04, 1.3291E-12, 8.8906E-12, 2.0206E-07
736, -9.2510E-04, 9.4963E-13, 7.1962E-12, 2.2541E-07
737, -8.7649E-04, 1.4393E-12, 7.8491E-12, 2.0928E-07
738, -8.8182E-04, 1.3829E-12, 8.0590E-12, 2.2545E-07
739, -9.0393E-04, 1.1416E-12, 9.1733E-12, 2.0425E-07
740, -9.0700E-04, 1.1736E-12, 9.1659E-12, 2.2401E-07
741, -9.2164E-04, 1.1336E-12, 1.1204E-11, 1.9998E-07
742, -8.9752E-04, 1.2751E-12, 7.5540E-12, 2.2424E-07
743, -8.4557E-04, 1.2848E-12, 6.1143E-12, 2.1118E-07
744, -8.5376E-04, 1.4638E-12, 6.6309E-12, 2.3105E-07
745, -9.2634E-04, 1.2779E-12, 8.8910E-12, 2.0272E-07
746, -8.6478E-04, 1.3906E-12, 6.1304E-12, 2.3205E-07
747, -8.8000E-04, 1.3662E-12, 6.3619E-12, 2.1140E-07
748, -9.0135E-04, 1.1925E-12, 6.8402E-12, 2.2629E-07
749, -9.5879E-04, 1.6494E-12, 1.3515E-11, 1.9688E-07
750, -9.4708E-04, 1.3415E-12, 1.0733E-11, 2.1615E-07
751, -9.1250E-04, 1.4344E-12, 8.2226E-12, 2.0605E-07
752, -9.0092E-04, 9.5982E-13, 7.8299E-12, 2.2708E-07
753, -9.1070E-04, 1.2796E-12, 8.6017E-12, 2.0436E-07
754, -8.9850E-04, 1.3596E-12, 8.6498E-12, 2.2477E-07
755, -9.1137E-04, 1.3213E-12, 9.9313E-12, 2.0276E-07
756, -9.6261E-04, 1.5331E-12, 1.6801E-11, 2.1594E-07
757, -8.8991E-04, 1.2600E-12, 7.4030E-12, 2.0444E-07
758, -8.4770E-04, 1.5229E-12, 6.1909E-12, 2.3111E-07
759, -8.5024E-04, 1.3584E-12, 6.9622E-12, 2.1163E-07
760, -9.0610E-04, 1.6457E-12, 1.0066E-11, 2.2137E-07
761, -8.7020E-04, 1.4992E-12, 6.7913E-12, 2.1052E-07
762, -8.6666E-04, 1.5088E-12, 6.6378E-12, 2.3152E-07
763, -8.9882E-04, 1.6352E-12, 7.2481E-12, 2.0803E-07
764, -9.2149E-04, 1.4283E-12, 1.0736E-11, 2.2076E-07
765, -9.5889E-04, 1.4043E-12, 1.2590E-11, 1.9377E-07
766, -9.1703E-04, 1.3631E-12, 8.3510E-12, 2.2200E-07
767, -8.8765E-04, 1.4428E-12, 7.4393E-12, 2.0969E-07
768, -9.1242E-04, 1.1644E-12, 8.2349E-12, 2.2515E-07
769, -8.9805E-04, 1.4689E-12, 9.5670E-12, 2.0341E-07
770, -9.1573E-04, 1.2622E-12, 1.2755E-11, 2.1814E-07
771, -9.2486E-04, 1.2720E-12, 9.7011E-12, 2.0025E-07
772, -8.7536E-04, 1.4693E-12, 7.0660E-12, 2.2879E-07
773, -8.4707E-04, 1.4171E-12, 6.8730E-12, 2.1222E-07
774, -8.5421E-04, 1.3531E-12, 8.0667E-12, 2.2951E-07
775, -9.0871E-04, 1.3859E-12, 9.4404E-12, 2.0232E-07
776, -8.6205E-04, 1.3827E-12, 6.5622E-12, 2.3131E-07
777, -8.5981E-04, 1.5547E-12, 6.3026E-12, 2.1181E-07
778, -9.0009E-04, 1.4746E-12, 7.3649E-12, 2.2703E-07
779, -9.2331E-04, 1.5903E-12, 1.0074E-11, 2.0321E-07
780, -9.8301E-04, 1.2818E-12, 1.3197E-11, 2.1095E-07
781, -9.2170E-04, 1.3576E-12, 8.5680E-12, 2.0113E-07
782, -8.8988E-04, 1.2406E-12, 6.5977E-12, 2.2731E-07
783, -9.0380E-04, 1.3054E-12, 7.6257E-12, 2.0770E-07
784, -9.3537E-04, 1.1665E-12, 1.0823E-11, 2.1782E-07
785, -9.2067E-04, 1.1636E-12, 8.3649E-12, 2.0278E-07
786, -8.9167E-04, 1.4509E-12, 7.1540E-12, 2.2874E-07
787, -8.7338E-04, 1.2545E-12, 6.6441E-12, 2.1206E-07
788, -8.7909E-04, 1.2846E-12, 7.0637E-12, 2.3091E-07
789, -9.5491E-04, 1.4534E-12, 1.0486E-11, 2.0287E-07
790, -9.1861E-04, 1.1652E-12, 7.3690E-12, 2.2419E-07
791, -8.5381E-04, 1.4081E-12, 6.1324E-12, 2.1270E-07
792, -8.6309E-04, 1.5473E-12, 6.5934E-12, 2.3015E-07
793, -8.9862E-04, 1.1620E-12, 6.6971E-12, 2.0647E-07
794, -9.2773E-04, 1.4954E-12, 1.1735E-11, 2.1987E-07
795, -9.6589E-04, 1.3637E-12, 1.1804E-11, 1.9324E-07
796, -9.2733E-04, 1.2190E-12, 9.5788E-12, 2.2008E-07
797, -8.8797E-04, 1.4263E-12, 6.6441E-12, 2.0766E-07
798, -8.8590E-04, 1.3117E-12, 7.0592E-12, 2.2751E-07
799, -9.1199E-04, 1.2971E-12, 7.9115E-12, 2.0614E-07
800, -8.8238E-04, 9.7592E-13, 6.8398E-12, 2.3250E-07
801, -8.6664E-04, 1.4835E-12, 6.9215E-12, 2.1197E-07
802, -8.8509E-04, 1.3633E-12, 7.9017E-12, 2.2822E-07
803, -9.5014E-04, 1.3283E-12, 1.1188E-11, 2.0123E-07
804, -9.4397E-04, 1.3537E-12, 7.8892E-12, 2.2397E-07
805, -8.7640E-04, 1.3492E-12, 6.2883E-12, 2.1186E-07
806, -8.7121E-04, 1.5267E-12, 6.6235E-12, 2.3054E-07
807, -8.8056E-04, 1.3429E-12, 7.5656E-12, 2.0776E-07
808, -8.9809E-04, 1.2308E-12, 8.2638E-12, 2.2379E-07
809, -9.6517E-04, 1.3368E-12, 1.4901E-11, 1.9464E-07
810, -9.5725E-04, 1.2465E-12, 1.3603E-11, 2.1220E-07
811, -8.9855E-04, 1.4322E-12, 8.8866E-12, 2.0254E-07
812, -8.7173E-04, 1.3250E-12, 7.0442E-12, 2.2821E-07
813, -8.9269E-04, 1.4503E-12, 7.3421E-12, 2.0693E-07
814, -9.0819E-04, 1.1514E-12, 6.9396E-12, 2.2565E-07
815, -9.1163E-04, 1.4018E-12, 7.0804E-12, 2.0514E-07
816, -9.4179E-04, 1.1836E-12, 1.0442E-11, 2.2023E-07
817, -9.1939E-04, 1.3232E-12, 8.8637E-12, 2.0413E-07
818, -9.0157E-04, 1.4784E-12, 6.3694E-12, 2.3004E-07
819, -8.8652E-04, 1.4352E-12, 7.7166E-12, 2.1120E-07
820, -8.9501E-04, 9.1193E-13, 6.7931E-12, 2.2939E-07
821, -8.9656E-04, 1.1147E-12, 7.4729E-12, 2.0759E-07
822, -8.9868E-04, 1.3113E-12, 8.1782E-12, 2.2422E-07
823, -9.6586E-04, 1.9471E-12, 1.4679E-11, 1.9675E-07
824, -9.8748E-04, 1.4035E-12, 1.6193E-11, 2.0936E-07
825, -9.1940E-04, 1.3358E-12, 1.1618E-11, 1.9834E-07
826, -8.8779E-04, 1.4214E-12, 8.0910E-12, 2.2548E-07
827, -8.5944E-04, 1.5636E-12, 6.8856E-12, 2.0994E-07
828, -8.9563E-04, 1.4611E-12, 7.9663E-12, 2.2391E-07
829, -8.8697E-04, 1.1662E-12, 5.4932E-12, 2.0710E-07
830, -9.0650E-04, 1.1487E-12, 7.0649E-12, 2.2442E-07
831, -8.7396E-04, 1.3723E-12, 7.0217E-12, 2.1106E-07
832, -8.8613E-04, 9.4107E-13, 6.5051E-12, 2.3204E-07
833, -9.0114E-04, 1.1365E-12, 7.2080E-12, 2.0991E-07
834, -8.9715E-04, 1.3967E-12, 7.5628E-12, 2.2689E-07
835, -9.0550E-04, 1.1768E-12, 8.1853E-12, 2.0529E-07
836, -9.1583E-04, 1.4020E-12, 1.1556E-11, 2.2080E-07
837, -9.9429E-04, 1.3521E-12, 1.7183E-11, 1.9318E-07
838, -1.0009E-03, 1.4937E-12, 1.5466E-11, 2.0946E-07
839, -9.5252E-04, 1.3378E-12, 1.1657E-11, 1.9811E-07
840, -9.1865E-04, 1.3863E-12, 8.5124E-12, 2.2272E-07
841, -8.7438E-04, 1.2871E-12, 7.0099E-12, 2.0825E-07
842, -8.8110E-04, 1.5114E-10, 9.9000E+37, 2.2405E-07
843, -8.8732E-04, 1.4884E-12, 7.5885E-12, 2.0516E-07
844, -8.8460E-04, 1.2800E-12, 7.2479E-12, 2.2515E-07
845, -8.8126E-04, 1.4611E-12, 6.7261E-12, 2.0779E-07
846, -8.6391E-04, 1.2317E-12, 6.7819E-12, 2.3193E-07
847, -8.5759E-04, 1.4691E-12, 7.0994E-12, 2.1767E-07
848, -9.2887E-04, 9.5105E-13, 1.1365E-11, 2.2230E-07
849, -9.7195E-04, 1.4823E-12, 1.7622E-11, 1.9642E-07
850, -9.7736E-04, 1.5271E-12, 1.9056E-11, 2.0866E-07
851, -9.9268E-04, 1.6272E-12, 2.1141E-11, 1.9004E-07
852, -9.9679E-04, 1.4271E-12, 1.4541E-11, 2.1343E-07
853, -9.3814E-04, 1.2999E-12, 1.0587E-11, 2.0150E-07
854, -9.2224E-04, 1.3649E-12, 7.8664E-12, 2.2545E-07
855, -8.8781E-04, 1.5461E-12, 7.1161E-12, 2.0902E-07
856, -9.1270E-04, 1.2685E-12, 8.1904E-12, 2.2323E-07
857, -9.1106E-04, 1.3382E-12, 7.6979E-12, 2.0449E-07
858, -9.0384E-04, 1.2582E-12, 7.1939E-12, 2.2557E-07
859, -8.9552E-04, 1.3680E-12, 7.4735E-12, 2.0613E-07
860, -8.8205E-04, 1.3979E-12, 6.1061E-12, 2.3098E-07
861, -8.5193E-04, 1.2115E-12, 6.1296E-12, 2.1562E-07
862, -8.4020E-04, 1.2846E-12, 7.1075E-12, 2.4050E-07
863, -8.4504E-04, 1.4691E-12, 8.3600E-12, 2.2063E-07
864, -9.6861E-04, 1.2284E-12, 1.4240E-11, 2.1427E-07
865, -9.3599E-04, 1.3228E-12, 1.0763E-11, 2.0014E-07
866, -9.3417E-04, 1.5396E-12, 1.0207E-11, 2.2315E-07
867, -9.0023E-04, 1.3711E-12, 7.5422E-12, 2.0722E-07
868, -8.9585E-04, 1.1931E-12, 7.2659E-12, 2.2834E-07
869, -9.1698E-04, 1.2488E-12, 8.6614E-12, 2.0566E-07
870, -9.2384E-04, 1.1061E-12, 8.3180E-12, 2.2119E-07
871, -9.0717E-04, 1.2681E-12, 7.8124E-12, 2.0591E-07
872, -9.0440E-04, 1.1950E-12, 7.5340E-12, 2.2321E-07
873, -9.0190E-04, 3.7897E-12, 2.0077E-11, 2.0485E-07
874, -8.7409E-04, 1.4179E-12, 6.3898E-12, 2.3088E-07
875, -8.5084E-04, 1.3759E-12, 6.4314E-12, 2.1484E-07
876, -8.3910E-04, 1.2667E-12, 6.6105E-12, 2.3921E-07
877, -8.2297E-04, 1.4204E-12, 7.3125E-12, 2.2098E-07
878, -8.3729E-04, 1.4680E-12, 9.5570E-12, 2.3890E-07
879, -8.4555E-04, 1.8913E-12, 1.8762E-11, 2.1781E-07
880, -8.9738E-04, 4.9112E-13, 7.0890E-12, 2.2885E-07
881, -9.1719E-04, 1.2814E-12, 8.7364E-12, 2.0622E-07
882, -9.2358E-04, 1.4000E-12, 9.0995E-12, 2.2254E-07
883, -9.2370E-04, 1.4246E-12, 8.6043E-12, 2.0367E-07
884, -9.2359E-04, 1.3268E-12, 7.5754E-12, 2.2552E-07
885, -9.0546E-04, 1.3179E-12, 7.6545E-12, 2.0591E-07
886, -9.1413E-04, 1.4668E-12, 7.7602E-12, 2.2457E-07
887, -8.8568E-04, 1.0798E-12, 6.2514E-12, 2.1026E-07
888, -8.8373E-04, 1.4153E-12, 6.3914E-12, 2.3206E-07
889, -8.6198E-04, 1.4570E-12, 5.8912E-12, 2.1614E-07
890, -8.4290E-04, 1.1687E-12, 6.4473E-12, 2.3955E-07
891, -8.2089E-04, 1.5426E-12, 6.5956E-12, 2.2052E-07
892, -8.3180E-04, 1.3725E-12, 7.7876E-12, 2.3853E-07
893, -8.3430E-04, 1.6164E-12, 1.1983E-11, 2.1778E-07
894, -8.3391E-04, 1.4903E-12, 1.2925E-11, 2.3683E-07
895, -1.2955E-03, 9.9000E+37, 9.9000E+37, -9.9000E+37
960, -1.1077E-03, 2.7011E-12, 2.1971E-11, 2.1593E-07
961, -1.0628E-03, 2.5355E-12, 2.1987E-11, 1.9873E-07
962, -1.1094E-03, 2.4713E-12, 2.0531E-11, 2.1565E-07
963, -1.0967E-03, 2.6759E-12, 3.1993E-11, 1.9483E-07
964, -1.1425E-03, 1.8437E-11, 5.3976E-10, 2.1436E-07
965, -1.0922E-03, 6.6735E-12, 6.7911E-11, 1.9264E-07
966, -1.1561E-03, 3.3997E-12, 3.7980E-11, 2.1292E-07
967, -1.1255E-03, 3.7311E-12, 4.1685E-11, 1.9708E-07
968, -1.1821E-03, 3.1664E-12, 2.8179E-11, 2.1536E-07
969, -1.1435E-03, 3.2978E-12, 3.1124E-11, 1.9690E-07
970, -1.1736E-03, 2.9693E-12, 2.8221E-11, 2.1684E-07
971, -1.1091E-03, 2.7297E-12, 2.0528E-11, 1.9944E-07
972, -1.1198E-03, 2.5265E-12, 2.4359E-11, 2.1994E-07
973, -1.0612E-03, 2.3233E-12, 1.7644E-11, 2.0222E-07
974, -1.1094E-03, 2.1532E-12, 1.4332E-11, 2.2266E-07
975, -1.0370E-03, 2.0315E-12, 1.5419E-11, 2.0405E-07
976, -1.0304E-03, 1.5854E-12, 1.2700E-11, 2.2578E-07
977, -9.6538E-04, 1.8838E-12, 1.1189E-11, 2.0883E-07
978, -1.0003E-03, 1.7845E-12, 1.0555E-11, 2.2576E-07
979, -9.9660E-04, 1.8198E-12, 1.1453E-11, 2.0439E-07
980, -1.0260E-03, 1.8587E-12, 1.3192E-11, 2.2141E-07
981, -1.0247E-03, 1.9702E-12, 1.7683E-11, 1.9801E-07
982, -1.0242E-03, 2.1004E-12, 2.3513E-11, 2.1417E-07
983, -1.0575E-03, 2.1782E-12, 3.0165E-11, 1.9296E-07
984, -1.0870E-03, 2.0382E-12, 2.6338E-11, 2.0820E-07
985, -1.1123E-03, 2.2106E-12, 2.9148E-11, 1.8862E-07
986, -1.1084E-03, 2.1071E-12, 3.4175E-11, 2.0651E-07
987, -1.0966E-03, 1.9610E-12, 2.4686E-11, 1.8947E-07
988, -1.0914E-03, 1.6918E-12, 1.9024E-11, 2.0950E-07
989, -1.0845E-03, 3.2458E-12, 2.6252E-10, 1.9435E-07
990, -1.0576E-03, 1.7008E-12, 1.3514E-11, 2.1655E-07
991, -1.0408E-03, 1.6248E-12, 1.1513E-11, 2.0048E-07
992, -9.9508E-04, 1.2243E-12, 9.9585E-12, 2.2331E-07
993, -1.0006E-03, 1.7990E-12, 1.2252E-11, 1.9638E-07
994, -1.0467E-03, 1.8400E-12, 1.5185E-11, 2.0654E-07
995, -1.0214E-03, 1.7725E-12, 1.7155E-11, 1.9171E-07
996, -1.0464E-03, 1.9954E-12, 1.5785E-11, 2.1600E-07
997, -9.5747E-04, 1.7672E-12, 1.1458E-11, 2.0269E-07
998, -9.7752E-04, 1.7892E-12, 1.0438E-11, 2.2371E-07
999, -9.6401E-04, 1.7222E-12, 9.7702E-12, 2.0597E-07
1000, -9.9478E-04, 1.6971E-12, 9.3379E-12, 2.2622E-07
1001, -9.7310E-04, 1.9604E-12, 9.1731E-12, 2.0815E-07
1002, -1.0022E-03, 1.6109E-12, 8.4812E-12, 2.2905E-07
1003, -9.7605E-04, 1.7743E-12, 8.2807E-12, 2.0994E-07
1004, -9.9750E-04, 1.5369E-12, 9.1083E-12, 2.2889E-07
1005, -9.8272E-04, 1.4909E-12, 8.8605E-12, 2.0857E-07
1006, -9.9824E-04, 1.6219E-12, 8.4831E-12, 2.2751E-07
1007, -9.8999E-04, 1.6643E-12, 8.6852E-12, 2.0717E-07
1008, -1.0312E-03, 1.5243E-12, 1.4118E-11, 2.1792E-07
1009, -9.3591E-04, 1.6425E-12, 8.7364E-12, 2.0596E-07
1010, -9.4731E-04, 1.3517E-12, 8.7871E-12, 2.2806E-07
1011, -8.9869E-04, 1.8139E-12, 8.4250E-12, 2.1345E-07
1012, -9.0431E-04, 1.3270E-12, 6.9306E-12, 2.3549E-07
1013, -8.8072E-04, 1.8208E-12, 7.1725E-12, 2.1591E-07
1014, -9.0673E-04, 1.4464E-12, 6.8304E-12, 2.3557E-07
1015, -8.9389E-04, 1.6561E-12, 7.0768E-12, 2.1483E-07
1016, -9.1931E-04, 1.7393E-12, 7.1654E-12, 2.3337E-07
1017, -9.3327E-04, 1.6781E-12, 7.5342E-12, 2.1232E-07
1018, -9.3521E-04, 1.4491E-12, 7.1183E-12, 2.3174E-07
1019, -9.4073E-04, 1.6347E-12, 7.5893E-12, 2.1142E-07
1020, -9.5296E-04, 1.5746E-12, 6.6488E-12, 2.3199E-07
1021, -9.4788E-04, 1.4943E-12, 6.7652E-12, 2.1345E-07
1022, -9.3102E-04, 1.5602E-12, 6.9321E-12, 2.3480E-07
1023, -9.2593E-04, 1.4939E-12, 6.8687E-12, 2.1584E-07
1024, -9.1257E-04, 1.0803E-12, 7.9960E-12, 2.3667E-07
1025, -8.7545E-04, 1.7866E-12, 7.2227E-12, 2.1724E-07
1026, -8.8929E-04, 1.4992E-12, 7.1293E-12, 2.3573E-07
1027, -9.0173E-04, 1.6820E-12, 6.8612E-12, 2.1072E-07
1028, -9.3205E-04, 1.7148E-12, 9.0117E-12, 2.2344E-07
1029, -9.3491E-04, 1.6221E-12, 8.7610E-12, 2.0382E-07
1030, -9.6293E-04, 1.3637E-12, 9.6913E-12, 2.2643E-07
1031, -9.1210E-04, 1.8950E-12, 8.6147E-12, 2.1086E-07
1032, -9.3336E-04, 1.2404E-12, 7.0776E-12, 2.3192E-07
1033, -9.1129E-04, 1.7246E-12, 7.7466E-12, 2.1270E-07
1034, -9.1731E-04, 1.4770E-12, 8.1050E-12, 2.3265E-07
1035, -9.1177E-04, 1.6857E-12, 7.3217E-12, 2.1260E-07
1036, -9.2191E-04, 1.5053E-12, 6.9934E-12, 2.3175E-07
1037, -9.1172E-04, 1.5035E-12, 7.1452E-12, 2.1199E-07
1038, -9.4529E-04, 1.5832E-12, 7.4707E-12, 2.3060E-07
1039, -9.3504E-04, 1.6299E-12, 8.0144E-12, 2.0895E-07
1040, -9.0297E-04, 1.5536E-12, 7.1848E-12, 2.3200E-07
1041, -9.3693E-04, 1.8583E-12, 8.9831E-12, 2.0374E-07
1042, -9.4272E-04, 1.9015E-12, 1.0289E-11, 2.2758E-07
1043, -8.6001E-04, 1.9376E-12, 7.9392E-12, 2.1425E-07
1044, -8.6787E-04, 1.3417E-12, 6.9029E-12, 2.3490E-07
1045, -8.7533E-04, 1.6757E-12, 7.1799E-12, 2.1308E-07
1046, -8.9783E-04, 1.6390E-12, 7.2500E-12, 2.3113E-07
1047, -9.1883E-04, 1.6781E-12, 7.3186E-12, 2.0879E-07
1048, -9.4907E-04, 9.9915E-13, 7.0694E-12, 2.2483E-07
1049, -9.8849E-04, 1.3857E-12, 7.3661E-12, 2.0313E-07
1050, -9.6089E-04, 1.1650E-12, 7.5477E-12, 2.2164E-07
1051, -9.9916E-04, 1.5386E-12, 7.8866E-12, 2.0261E-07
1052, -9.5742E-04, 1.5119E-12, 7.1277E-12, 2.2292E-07
1053, -9.6633E-04, 1.5750E-12, 6.8944E-12, 2.0636E-07
1054, -9.3089E-04, 1.3022E-12, 6.9579E-12, 2.2913E-07
1055, -9.0596E-04, 1.4664E-12, 6.7364E-12, 2.1178E-07
1056, -9.0765E-04, 1.0666E-12, 8.9059E-12, 2.3255E-07
1057, -8.4872E-04, 1.9274E-12, 7.9494E-12, 2.1528E-07
1058, -8.7111E-04, 1.5724E-12, 7.5740E-12, 2.3294E-07
1059, -9.0131E-04, 1.8253E-12, 7.7160E-12, 2.0761E-07
1060, -9.3624E-04, 1.2883E-12, 9.0704E-12, 2.1851E-07
1061, -9.4051E-04, 1.7953E-12, 1.1737E-11, 1.9890E-07
1062, -9.5275E-04, 1.3374E-12, 1.1075E-11, 2.2186E-07
1063, -9.2345E-04, 1.5848E-12, 9.8751E-12, 2.0547E-07
1064, -9.3512E-04, 1.5856E-12, 8.9952E-12, 2.2500E-07
1065, -9.4579E-04, 2.5334E-12, 1.0065E-10, 2.0479E-07
1066, -9.5510E-04, 1.6080E-12, 8.9511E-12, 2.2234E-07
1067, -9.5160E-04, 1.4179E-12, 9.0453E-12, 2.0428E-07
1068, -9.5527E-04, 1.3931E-12, 8.3636E-12, 2.2332E-07
1069, -9.5504E-04, 1.4320E-12, 8.5695E-12, 2.0504E-07
1070, -9.5598E-04, 1.5966E-12, 9.7302E-12, 2.2454E-07
1071, -9.4918E-04, 1.4513E-12, 1.2480E-11, 2.0329E-07
1072, -8.7200E-04, 1.1100E-12, 6.9812E-12, 2.3446E-07
1073, -9.2209E-04, 1.7024E-12, 8.0203E-12, 2.0447E-07
1074, -9.8099E-04, 1.5055E-12, 1.2424E-11, 2.1634E-07
1075, -9.4307E-04, 1.8510E-12, 1.0651E-11, 2.0378E-07
1076, -9.2992E-04, 1.3266E-12, 9.8830E-12, 2.2385E-07
1077, -9.4132E-04, 1.6824E-12, 8.7653E-12, 2.0330E-07
1078, -9.4802E-04, 1.5852E-12, 1.0436E-11, 2.2377E-07
1079, -9.1069E-04, 1.9170E-12, 8.7995E-12, 2.0640E-07
1080, -9.2516E-04, 1.3450E-12, 9.6982E-12, 2.2700E-07
1081, -9.2105E-04, 1.6133E-12, 9.5134E-12, 2.0781E-07
1082, -9.3220E-04, 1.6455E-12, 8.6033E-12, 2.2699E-07
1083, -9.3691E-04, 1.5687E-12, 9.0671E-12, 2.0705E-07
1084, -9.6006E-04, 1.5936E-12, 8.5267E-12, 2.2563E-07
1085, -9.4576E-04, 1.6062E-12, 9.3067E-12, 2.0589E-07
1086, -9.5622E-04, 1.3869E-12, 9.5191E-12, 2.2485E-07
1087, -9.4726E-04, 1.4982E-12, 9.7072E-12, 2.0541E-07
1088, -9.6706E-04, 1.1019E-12, 1.0033E-11, 2.1838E-07
1089, -9.1648E-04, 1.6140E-12, 1.0608E-11, 2.0442E-07
1090, -9.2877E-04, 1.4187E-12, 8.7176E-12, 2.2193E-07
1091, -9.2783E-04, 1.6802E-12, 1.0497E-11, 2.0346E-07
1092, -9.1394E-04, 1.8577E-12, 9.6835E-12, 2.2769E-07
1093, -8.9716E-04, 1.6325E-12, 8.7131E-12, 2.0911E-07
1094, -8.9587E-04, 1.7690E-12, 8.2485E-12, 2.2826E-07
1095, -9.1437E-04, 1.6080E-12, 8.1570E-12, 2.0659E-07
1096, -9.0876E-04, 1.6702E-12, 9.0714E-12, 2.2450E-07
1097, -9.4261E-04, 1.5506E-12, 8.7781E-12, 2.0358E-07
1098, -9.3310E-04, 1.2594E-12, 8.5291E-12, 2.2205E-07
1099, -9.4106E-04, 1.6480E-12, 8.7412E-12, 2.0296E-07
1100, -9.2895E-04, 1.5542E-12, 9.5755E-12, 2.2191E-07
1101, -1.0403E-03, 9.9000E+37, 9.9000E+37, -9.9000E+37
1102, -9.3263E-04, 2.0331E-12, 9.1778E-12, 2.2787E-07
1103, -9.1170E-04, 1.6268E-12, 8.5650E-12, 2.1058E-07
1104, -9.0508E-04, 1.2722E-12, 9.1364E-12, 2.2451E-07
1105, -9.4790E-04, 1.7570E-12, 1.1509E-11, 2.0188E-07
1106, -9.2531E-04, 1.6170E-12, 1.0810E-11, 2.2746E-07
1107, -9.0459E-04, 1.9710E-12, 8.7582E-12, 2.0872E-07
1108, -9.1132E-04, 1.7668E-12, 8.5442E-12, 2.2639E-07
1109, -9.3050E-04, 1.7489E-12, 8.2986E-12, 2.0375E-07
1110, -9.5388E-04, 1.4163E-12, 9.7875E-12, 2.1990E-07
1111, -9.5733E-04, 1.4788E-12, 1.1745E-11, 2.0151E-07
1112, -9.4478E-04, 1.6820E-12, 1.0887E-11, 2.2121E-07
1113, -9.2422E-04, 1.4815E-12, 1.0720E-11, 2.0404E-07
1114, -9.4758E-04, 1.5832E-12, 1.0131E-11, 2.2327E-07
1115, -9.4304E-04, 1.7030E-12, 9.5969E-12, 2.0439E-07
1116, -9.3822E-04, 1.5072E-12, 1.1070E-11, 2.2141E-07
1117, -9.4959E-04, 1.6751E-12, 1.2026E-11, 2.0107E-07
1118, -9.4654E-04, 1.4226E-12, 1.0237E-11, 2.2036E-07
1119, -9.3048E-04, 1.6140E-12, 8.2815E-12, 2.0352E-07
1120, -9.6404E-04, 1.3062E-12, 1.0132E-11, 2.2150E-07
1121, -9.1283E-04, 1.6103E-12, 9.7569E-12, 2.0898E-07
1122, -9.0347E-04, 1.7660E-12, 8.4651E-12, 2.2837E-07
1123, -9.2025E-04, 1.5836E-12, 8.5375E-12, 2.0560E-07
1124, -9.4010E-04, 1.7493E-12, 9.6962E-12, 2.2189E-07
1125, -9.2833E-04, 1.6464E-12, 9.7306E-12, 2.0397E-07
1126, -9.1394E-04, 1.7293E-12, 9.3756E-12, 2.2501E-07
1127, -9.1146E-04, 1.5410E-12, 9.1142E-12, 2.0764E-07
1128, -9.1030E-04, 1.8481E-12, 8.4886E-12, 2.2849E-07
1129, -9.0441E-04, 1.6602E-12, 9.8839E-12, 2.0829E-07
1130, -9.1425E-04, 1.7444E-12, 9.0111E-12, 2.2746E-07
1131, -9.0812E-04, 1.7163E-12, 8.8709E-12, 2.0804E-07
1132, -9.2762E-04, 1.6280E-12, 7.6072E-12, 2.2656E-07
1133, -9.2334E-04, 1.5318E-12, 9.4274E-12, 2.0642E-07
1134, -9.4034E-04, 1.5145E-12, 1.0044E-11, 2.2424E-07
1135, -9.3128E-04, 1.5732E-12, 9.6886E-12, 2.0484E-07
1136, -9.2620E-04, 1.3664E-12, 1.0825E-11, 2.2828E-07
1137, -8.9792E-04, 1.5530E-12, 8.4109E-12, 2.0907E-07
1138, -9.2571E-04, 1.6531E-12, 8.5860E-12, 2.2494E-07
1139, -9.5417E-04, 1.6625E-12, 1.0947E-11, 2.0073E-07
1140, -9.3747E-04, 1.2997E-12, 1.0226E-11, 2.2330E-07
1141, -9.0273E-04, 1.8263E-12, 9.7773E-12, 2.0922E-07
1142, -8.9590E-04, 1.2355E-12, 7.3718E-12, 2.2844E-07
1143, -9.0358E-04, 1.7071E-12, 7.9758E-12, 2.0795E-07
1144, -9.1581E-04, 1.6113E-12, 7.6620E-12, 2.2724E-07
1145, -9.2257E-04, 1.5276E-12, 7.6376E-12, 2.0668E-07
1146, -9.2403E-04, 1.6655E-12, 8.7649E-12, 2.2560E-07
1147, -9.1885E-04, 1.6184E-12, 7.6926E-12, 2.0639E-07
1148, -9.1206E-04, 1.4780E-12, 8.6471E-12, 2.2689E-07
1149, -8.9936E-04, 1.7344E-12, 8.0669E-12, 2.0839E-07
1150, -9.0046E-04, 1.6032E-12, 8.7093E-12, 2.2730E-07
1151, -9.0458E-04, 4.4365E-11, 9.9000E+37, 2.0727E-07
1152, -8.9543E-04, 1.6845E-12, 9.1119E-12, 2.2912E-07
1153, -9.1059E-04, 1.5349E-12, 8.4851E-12, 2.0747E-07
1154, -9.4020E-04, 1.2590E-12, 9.3567E-12, 2.2177E-07
1155, -9.3647E-04, 1.6832E-12, 1.1878E-11, 2.0469E-07
1156, -9.0601E-04, 1.5316E-12, 8.7938E-12, 2.2844E-07
1157, -9.0469E-04, 1.4248E-12, 7.9616E-12, 2.0743E-07
1158, -9.1026E-04, 1.7432E-12, 8.0924E-12, 2.2719E-07
1159, -9.0931E-04, 1.4966E-12, 8.6707E-12, 2.0840E-07
1160, -9.0448E-04, 1.2999E-12, 8.3331E-12, 2.2592E-07
1161, -9.1760E-04, 1.5891E-12, 8.0406E-12, 2.0550E-07
1162, -9.2181E-04, 1.5412E-12, 8.0027E-12, 2.2439E-07
1163, -9.2031E-04, 1.6345E-12, 8.7400E-12, 2.0539E-07
1164, -9.1670E-04, 1.7065E-12, 8.2725E-12, 2.2389E-07
1165, -9.0740E-04, 1.6135E-12, 7.5444E-12, 2.0667E-07
1166, -9.0469E-04, 1.5724E-12, 7.7941E-12, 2.2730E-07
1167, -9.0509E-04, 1.5600E-12, 8.3221E-12, 2.0716E-07
1168, -9.0841E-04, 1.4646E-12, 8.5102E-12, 2.2824E-07
1169, -9.1437E-04, 1.6162E-12, 8.4372E-12, 2.0738E-07
1170, -9.6439E-04, 1.6319E-12, 1.0688E-11, 2.1944E-07
1171, -9.2509E-04, 1.5465E-12, 1.0900E-11, 2.0589E-07
1172, -9.0079E-04, 1.6284E-12, 7.9222E-12, 2.2904E-07
1173, -9.0599E-04, 1.4848E-12, 8.4598E-12, 2.0703E-07
1174, -9.1024E-04, 1.5903E-12, 8.6656E-12, 2.2814E-07
1175, -9.0898E-04, -4.6175E-13, 8.4545E-12, 2.0785E-07
1176, -9.1413E-04, 1.5561E-12, 8.3508E-12, 2.2548E-07
1177, -9.1766E-04, 1.4092E-12, 8.4107E-12, 2.0574E-07
1178, -9.3209E-04, 1.2502E-12, 7.6357E-12, 2.2447E-07
1179, -9.2730E-04, 1.5634E-12, 7.4945E-12, 2.0536E-07
1180, -9.2058E-04, 1.3935E-12, 7.5243E-12, 2.2529E-07
1181, -9.0375E-04, 1.4740E-12, 8.5635E-12, 2.0603E-07
1182, -8.9849E-04, 1.4214E-12, 7.9999E-12, 2.2667E-07
1183, -9.1670E-04, 1.4632E-12, 8.9534E-12, 2.0565E-07
1184, -9.0499E-04, 1.4603E-12, 9.0724E-12, 2.2819E-07
1185, -9.0270E-04, 1.1175E-12, 1.0232E-11, 2.0814E-07
1186, -9.3224E-04, 1.7130E-12, 9.2968E-12, 2.2284E-07
1187, -9.0989E-04, 1.6144E-12, 1.0621E-11, 2.0548E-07
1188, -8.9489E-04, 1.5805E-12, 9.7964E-12, 2.2602E-07
1189, -8.9977E-04, 1.4414E-12, 8.2134E-12, 2.0701E-07
1190, -8.9946E-04, 1.4644E-12, 9.2548E-12, 2.2659E-07
1191, -8.9682E-04, 1.4018E-12, 8.6612E-12, 2.0841E-07
1192, -8.9591E-04, 1.0943E-12, 7.3798E-12, 2.2707E-07
1193, -9.0558E-04, 1.5555E-12, 8.0847E-12, 2.0657E-07
1194, -9.2829E-04, 1.2317E-12, 8.0624E-12, 2.2481E-07
1195, -9.2050E-04, 1.5400E-12, 8.1434E-12, 2.0554E-07
1196, -9.2439E-04, 1.6176E-12, 8.7492E-12, 2.2506E-07
1197, -9.0658E-04, 1.3364E-12, 8.1613E-12, 2.0786E-07
1198, -9.0636E-04, 1.5035E-12, 7.8737E-12, 2.2546E-07
1199, -9.2438E-04, 1.5151E-12, 8.2546E-12, 2.0460E-07
1200, -9.3220E-04, 1.0501E-12, 1.2022E-11, 2.2649E-07
1201, -9.1543E-04, 1.4308E-12, 8.7351E-12, 2.0761E-07
1202, -9.2072E-04, 1.6384E-12, 9.0200E-12, 2.2801E-07
1203, -9.6323E-04, 1.6231E-12, 1.0973E-11, 2.0073E-07
1204, -9.2892E-04, 1.7972E-12, 1.1787E-11, 2.2375E-07
1205, -9.1713E-04, 1.5640E-12, 9.1123E-12, 2.0801E-07
1206, -9.0913E-04, 1.7299E-12, 8.7696E-12, 2.2719E-07
1207, -9.0148E-04, 1.4752E-12, 8.3353E-12, 2.0680E-07
1208, -9.0320E-04, 1.7509E-12, 8.8482E-12, 2.2774E-07
1209, -9.0531E-04, 1.3776E-12, 8.5552E-12, 2.0834E-07
1210, -9.2027E-04, 1.6362E-12, 9.6422E-12, 2.2748E-07
1211, -9.1925E-04, 1.4520E-12, 8.2312E-12, 2.0728E-07
1212, -9.2466E-04, 1.2009E-12, 8.0390E-12, 2.2505E-07
1213, -9.1431E-04, 1.4662E-12, 8.0510E-12, 2.0539E-07
1214, -9.1420E-04, 1.2757E-12, 8.5839E-12, 2.2462E-07
1215, -9.1118E-04, 1.2775E-12, 7.5565E-12, 2.0660E-07
1216, -9.6302E-04, 1.3103E-12, 1.0690E-11, 2.2075E-07
1217, -9.3672E-04, 1.5053E-12, 1.0845E-11, 2.0835E-07
1218, -9.2148E-04, 1.1228E-12, 8.5544E-12, 2.2781E-07
1219, -9.1618E-04, 1.5824E-12, 9.1040E-12, 2.0877E-07
1220, -9.6475E-04, 1.1711E-12, 9.0879E-12, 2.2096E-07
1221, -9.6242E-04, 1.4621E-12, 1.2660E-11, 2.0281E-07
1222, -9.1715E-04, 1.7130E-12, 9.9562E-12, 2.2690E-07
1223, -8.9550E-04, 1.4654E-12, 8.6722E-12, 2.0663E-07
1224, -8.9763E-04, 1.5862E-12, 9.2741E-12, 2.2563E-07
1225, -9.0026E-04, 1.5196E-12, 8.4496E-12, 2.0532E-07
1226, -9.1823E-04, 1.5518E-12, 8.7249E-12, 2.2478E-07
1227, -9.1562E-04, 1.4035E-12, 7.9498E-12, 2.0614E-07
1228, -9.1302E-04, 1.5922E-12, 8.1476E-12, 2.2551E-07
1229, -9.0389E-04, 1.3731E-12, 9.0956E-12, 2.0680E-07
1230, -9.0955E-04, 1.5390E-12, 9.8305E-12, 2.2615E-07
1231, -9.3571E-04, 1.5936E-12, 1.0315E-11, 2.0378E-07
1232, -9.3458E-04, 1.0798E-12, 1.0739E-11, 2.2297E-07
1233, -9.4909E-04, 1.5194E-12, 1.1879E-11, 2.0099E-07
1234, -9.4661E-04, 1.1626E-12, 1.0920E-11, 2.2512E-07
1235, -9.1848E-04, 1.4880E-12, 9.0378E-12, 2.0893E-07
1236, -9.1201E-04, 1.2606E-12, 8.4749E-12, 2.2863E-07
1237, -9.0512E-04, 1.3103E-12, 8.3856E-12, 2.0822E-07
1238, -9.4615E-04, 1.5691E-12, 9.7591E-12, 2.2246E-07
1239, -9.4438E-04, 1.4008E-12, 1.0138E-11, 2.0113E-07
1240, -9.4687E-04, 1.6792E-12, 1.2537E-11, 2.1966E-07
1241, -9.5877E-04, 1.5147E-12, 1.2174E-11, 2.0069E-07
1242, -9.3863E-04, 1.2857E-12, 1.1552E-11, 2.2090E-07
1243, -9.5850E-04, 1.6753E-12, 1.2122E-11, 2.0152E-07
1244, -9.5367E-04, 1.6419E-12, 1.1860E-11, 2.1914E-07
1245, -9.6316E-04, 1.3643E-12, 1.0386E-11, 2.0009E-07
1246, -9.5833E-04, 1.4762E-12, 8.4284E-12, 2.2034E-07
1247, -9.0712E-04, 1.3955E-12, 7.7071E-12, 2.0722E-07
1248, -9.0197E-04, 1.3442E-12, 7.8147E-12, 2.3065E-07
1249, -9.4940E-04, 1.7173E-12, 1.0684E-11, 2.0338E-07
1250, -9.6094E-04, 1.1371E-12, 1.1857E-11, 2.2040E-07
1251, -9.5837E-04, 1.3490E-12, 1.1757E-11, 2.0005E-07
1252, -9.3064E-04, 1.5720E-12, 1.2625E-11, 2.2364E-07
1253, -9.0257E-04, 1.5363E-12, 9.5480E-12, 2.0763E-07
1254, -8.8959E-04, 1.4499E-12, 9.6424E-12, 2.2740E-07
1255, -9.0140E-04, 1.7175E-12, 9.0056E-12, 2.0824E-07
1256, -8.9940E-04, 1.1493E-12, 7.9549E-12, 2.2823E-07
1257, -8.7973E-04, 1.5826E-12, 8.3663E-12, 2.0899E-07
1258, -8.8484E-04, 1.4259E-12, 8.3394E-12, 2.2901E-07
1259, -8.8223E-04, 1.5094E-12, 8.4221E-12, 2.0914E-07
1260, -8.8660E-04, 1.4719E-12, 8.4672E-12, 2.2842E-07
1261, -8.8538E-04, 1.4259E-12, 9.2161E-12, 2.0860E-07
1262, -9.0593E-04, 1.5673E-12, 9.4716E-12, 2.2614E-07
1263, -9.1500E-04, 1.5907E-12, 1.0177E-11, 2.0500E-07
1264, -8.9055E-04, 9.4596E-13, 9.2238E-12, 2.3169E-07
1265, -8.7380E-04, 1.5351E-12, 7.1974E-12, 2.1389E-07
1266, -8.9336E-04, 1.1693E-12, 6.9296E-12, 2.3025E-07
1267, -9.1742E-04, 1.6494E-12, 9.9430E-12, 2.0319E-07
1268, -9.5423E-04, 1.1471E-12, 1.3615E-11, 2.1719E-07
1269, -9.5849E-04, 1.4807E-12, 1.2331E-11, 1.9862E-07
1270, -9.5825E-04, 1.1220E-12, 1.1340E-11, 2.1838E-07
1271, -9.6632E-04, 1.6586E-12, 1.0737E-11, 2.0085E-07
1272, -9.4019E-04, 1.4055E-12, 1.0171E-11, 2.2165E-07
1273, -9.3020E-04, 1.5581E-12, 1.1076E-11, 2.0358E-07
1274, -9.2821E-04, 1.1393E-12, 1.0964E-11, 2.2299E-07
1275, -9.4671E-04, 1.4436E-12, 1.0190E-11, 2.0384E-07
1276, -9.4602E-04, 1.1255E-12, 1.0219E-11, 2.2210E-07
1277, -9.3784E-04, 1.4813E-12, 1.0096E-11, 2.0277E-07
1278, -9.2768E-04, 1.1720E-12, 1.1048E-11, 2.2084E-07
1279, -9.2461E-04, 1.4648E-12, 1.1207E-11, 2.0104E-07
1280, -9.0702E-04, 8.2287E-13, 6.9390E-12, 2.2783E-07
1281, -9.4312E-04, 1.6480E-12, 1.2900E-11, 2.0010E-07
1282, -8.9844E-04, 5.6723E-12, 7.9636E-10, 2.2763E-07
1283, -8.9108E-04, 1.5508E-12, 8.3975E-12, 2.1253E-07
1284, -8.8858E-04, 1.1069E-12, 7.8548E-12, 2.3329E-07
1285, -8.8569E-04, 1.3140E-12, 7.5544E-12, 2.1133E-07
1286, -9.3090E-04, 1.1078E-12, 7.7060E-12, 2.2676E-07
1287, -9.1631E-04, 1.3376E-12, 1.0715E-11, 2.0350E-07
1288, -9.6081E-04, 1.0546E-12, 1.1819E-11, 2.1973E-07
1289, -9.6414E-04, 1.4420E-12, 1.3152E-11, 1.9900E-07
1290, -9.7002E-04, 1.0132E-12, 1.2272E-11, 2.1809E-07
1291, -9.5619E-04, 1.2202E-12, 1.3174E-11, 1.9927E-07
1292, -9.5019E-04, 1.1707E-12, 1.2151E-11, 2.1913E-07
1293, -9.0320E-04, 1.4623E-12, 9.8718E-12, 2.0334E-07
1294, -9.0339E-04, 1.4277E-12, 8.3371E-12, 2.2416E-07
1295, -8.8380E-04, 3.6204E-12, 2.2573E-11, 2.0365E-07
1296, -8.8632E-04, 8.1574E-13, 7.0855E-12, 2.3418E-07
1297, -8.8698E-04, 1.4377E-12, 7.5096E-12, 2.1584E-07
1298, -8.8521E-04, 1.3014E-12, 6.9496E-12, 2.3347E-07
1299, -9.0490E-04, 1.3686E-12, 8.4529E-12, 2.0600E-07
1300, -9.4959E-04, 1.0097E-12, 1.1879E-11, 2.1952E-07
1301, -9.4565E-04, 1.4707E-12, 1.2159E-11, 2.0297E-07
1302, -8.8386E-04, 1.6747E-12, 1.0575E-11, 2.2824E-07
1303, -8.8420E-04, 1.3600E-12, 8.4847E-12, 2.1094E-07
1304, -8.5955E-04, 1.5746E-12, 7.9591E-12, 2.3173E-07
1305, -8.6422E-04, 1.3305E-12, 7.4299E-12, 2.1236E-07
1306, -8.5334E-04, 1.6254E-12, 7.8615E-12, 2.3200E-07
1307, -8.6868E-04, 1.6376E-12, 7.5952E-12, 2.1220E-07
1308, -8.7755E-04, 1.6333E-12, 8.3975E-12, 2.3148E-07
1309, -8.9824E-04, 1.6166E-12, 7.9068E-12, 2.1153E-07
1310, -8.9575E-04, 1.7505E-12, 8.9259E-12, 2.2973E-07
1311, -9.1606E-04, 1.6945E-12, 9.7121E-12, 2.0577E-07
1312, -9.0070E-04, 1.1878E-12, 1.1323E-11, 2.2606E-07
1313, -9.1268E-04, 1.6515E-12, 1.0158E-11, 2.0806E-07
1314, -9.0707E-04, 1.6643E-12, 9.0665E-12, 2.2888E-07
1315, -8.9748E-04, 1.4709E-12, 9.4514E-12, 2.1184E-07
1316, -8.7313E-04, 1.7927E-12, 8.3070E-12, 2.3430E-07
1317, -8.7065E-04, 1.6009E-12, 7.2789E-12, 2.1458E-07
1318, -8.7754E-04, 1.7546E-12, 7.4678E-12, 2.3391E-07
1319, -8.7175E-04, 1.2508E-12, 7.4146E-12, 2.1200E-07
1320, -9.2594E-04, 1.0350E-12, 7.4719E-12, 2.2882E-07
1321, -8.9984E-04, 1.3833E-12, 7.5418E-12, 2.0711E-07
1322, -9.4829E-04, 1.0042E-12, 8.0413E-12, 2.2463E-07
1323, -9.2326E-04, 1.3949E-12, 7.7223E-12, 2.0548E-07
1324, -9.4852E-04, 1.4526E-12, 7.6429E-12, 2.2568E-07
1325, -9.0749E-04, 1.5176E-12, 7.3910E-12, 2.0907E-07
1326, -9.0646E-04, 1.3660E-12, 7.2506E-12, 2.2969E-07
1327, -1.0319E-03, 9.9000E+37, 9.9000E+37, 0.0000E+00
1328, -9.9099E-04, 2.0517E-12, 1.6639E-11, 2.1519E-07
1329, -1.0167E-03, 1.9979E-12, 1.8534E-11, 1.9160E-07
1330, -9.9160E-04, 1.5508E-12, 1.9409E-11, 2.1333E-07
1331, -9.8891E-04, 1.5850E-12, 1.5429E-11, 2.0077E-07
1332, -9.3161E-04, 1.1711E-12, 1.0566E-11, 2.2531E-07
1333, -9.3383E-04, 1.5624E-12, 8.7812E-12, 2.0638E-07
1334, -9.2303E-04, 1.6700E-12, 8.9921E-12, 2.2646E-07
1335, -9.2750E-04, 1.3676E-12, 9.2417E-12, 2.0770E-07
1336, -9.0446E-04, 1.6692E-12, 9.6949E-12, 2.2820E-07
1337, -9.1132E-04, 1.3260E-12, 8.7679E-12, 2.0899E-07
1338, -9.0377E-04, 1.2445E-12, 8.4608E-12, 2.2849E-07
1339, -9.1906E-04, 1.3105E-12, 8.6669E-12, 2.0861E-07
1340, -9.1649E-04, 1.2292E-12, 8.2263E-12, 2.2771E-07
1341, -9.1849E-04, 1.5412E-12, 8.6716E-12, 2.0783E-07
1342, -9.1543E-04, 1.4130E-12, 8.4337E-12, 2.2619E-07
1343, -9.2862E-04, 1.5828E-12, 9.8506E-12, 2.0578E-07
1344, -8.9166E-04, 1.2260E-12, 8.2198E-12, 2.2979E-07
1345, -8.9473E-04, 1.2626E-12, 9.6065E-12, 2.0684E-07
1346, -9.1700E-04, 1.3238E-12, 1.0903E-11, 2.2320E-07
1347, -9.3641E-04, 1.5218E-12, 1.3592E-11, 2.0020E-07
1348, -1.0004E-03, 1.7340E-12, 1.5352E-11, 2.1499E-07
1349, -9.8718E-04, 1.6995E-12, 1.8531E-11, 1.9259E-07
1350, -1.0319E-03, 1.7709E-12, 2.0424E-11, 2.0813E-07
1351, -1.0196E-03, 1.7083E-12, 2.2584E-11, 1.8954E-07
1352, -1.0001E-03, 1.4320E-12, 2.3548E-11, 2.0818E-07
1353, -1.0022E-03, 1.8161E-12, 2.1441E-11, 1.9057E-07
1354, -1.0010E-03, 2.0138E-12, 2.3257E-11, 2.0855E-07
1355, -1.0296E-03, 1.8622E-12, 2.4430E-11, 1.9035E-07
1356, -1.0057E-03, 3.3671E-12, 3.8298E-10, 2.0697E-07
1357, -1.1982E-03, 9.9000E+37, 9.9000E+37, 0.0000E+00
1358, -9.9384E-04, 2.4034E-12, 2.2634E-11, 2.0670E-07
1359, -9.6683E-04, 1.7472E-12, 1.9879E-11, 1.9050E-07
1360, -8.5796E-04, 1.2793E-12, 8.9778E-12, 2.2624E-07
1361, -9.0905E-04, 1.5208E-12, 1.3180E-11, 2.0225E-07
1362, -8.5812E-04, 1.7097E-12, 1.4009E-11, 2.2286E-07
1363, -8.8226E-04, 1.4925E-12, 1.0907E-11, 2.0653E-07
1364, -8.2193E-04, 1.5113E-12, 9.4103E-12, 2.2806E-07
1365, -8.3001E-04, 1.4181E-12, 8.8845E-12, 2.0796E-07
1366, -8.4881E-04, 1.3209E-12, 1.0058E-11, 2.2668E-07
1367, -8.8514E-04, 1.4509E-12, 9.2713E-12, 2.0589E-07
1368, -9.0818E-04, 1.6563E-12, 9.7809E-12, 2.2417E-07
1369, -9.1348E-04, 1.5051E-12, 9.6695E-12, 2.0405E-07
1370, -9.1772E-04, 1.4130E-12, 9.9295E-12, 2.2288E-07
1371, -9.0819E-04, 1.2853E-12, 1.0251E-11, 2.0379E-07
1372, -9.0457E-04, 1.2302E-12, 1.0287E-11, 2.2333E-07
1373, -8.8995E-04, 1.4939E-12, 9.0642E-12, 2.0510E-07
1374, -8.7834E-04, 1.5657E-12, 8.5161E-12, 2.2622E-07
1375, -8.8300E-04, 1.3356E-12, 8.7166E-12, 2.0869E-07
1376, -8.8698E-04, 1.3258E-12, 7.1293E-12, 2.3284E-07
1377, -7.4642E-04, 1.4721E-12, 8.3170E-12, 2.0829E-07
1378, -8.5381E-04, 1.1862E-12, 8.6463E-12, 2.2638E-07
1379, -7.8985E-04, 1.6305E-12, 8.3549E-12, 2.0633E-07
1380, -3.6246E-04, 1.6301E-12, 8.6681E-12, 2.2622E-07
1381, -1.0807E-06, 1.3058E-12, 8.7111E-12, 2.0551E-07
1382, -9.2291E-04, 1.0531E-12, 1.0458E-11, 2.2276E-07
1383, -9.0931E-04, 1.2361E-12, 1.0432E-11, 2.0200E-07
1384, -9.2018E-04, 9.8610E-13, 1.1068E-11, 2.2016E-07
1385, -7.6243E-04, 1.2816E-12, 1.0554E-11, 2.0121E-07
1386, -7.1974E-04, 1.2042E-12, 1.1006E-11, 2.2021E-07
1387, -6.7149E-04, 1.5958E-12, 1.1036E-11, 2.0157E-07
1388, -8.4568E-04, 1.4293E-12, 9.6654E-12, 2.2062E-07
1389, -7.0020E-04, 1.5504E-12, 1.0504E-11, 2.0261E-07
1390, -6.1713E-04, 1.6449E-12, 9.8839E-12, 2.2284E-07
1391, -6.1868E-04, 1.4754E-12, 9.9472E-12, 2.0598E-07
1392, -5.3376E-04, 1.5084E-12, 6.8408E-12, 2.4079E-07
1393, -6.8362E-04, 1.5540E-12, 6.9125E-12, 2.1860E-07
1394, -5.4676E-04, 1.4149E-12, 6.9355E-12, 2.3599E-07
1395, -7.1064E-04, 1.3951E-12, 7.2398E-12, 2.1450E-07
1396, -7.0861E-04, 1.3798E-12, 7.2453E-12, 2.3308E-07
1397, -6.2104E-04, 1.5685E-12, 7.6310E-12, 2.1167E-07
1398, -5.4333E-04, 1.6362E-12, 8.1841E-12, 2.3032E-07
1399, -4.7601E-04, 1.6977E-12, 8.0877E-12, 2.0948E-07
1400, -7.7056E-04, 1.6794E-12, 9.3603E-12, 2.2737E-07
1401, -5.3037E-04, 1.4342E-12, 8.5440E-12, 2.0734E-07
1402, -6.8641E-04, 1.3558E-12, 8.8523E-12, 2.2622E-07
1403, -7.7355E-04, 1.3549E-12, 8.5010E-12, 2.0721E-07
1404, -6.7411E-04, 1.3423E-12, 8.2200E-12, 2.2675E-07
1405, -3.7393E-04, 1.5127E-12, 7.4892E-12, 2.0924E-07
1406, -8.0582E-04, 1.5620E-12, 7.4484E-12, 2.3034E-07
1407, -7.5567E-04, 1.2759E-12, 7.2381E-12, 2.1213E-07
1408, -7.5945E-04, 1.5968E-12, 7.9267E-12, 2.3680E-07
1409, -7.6628E-04, 1.5795E-12, 7.9520E-12, 2.1552E-07
1410, -5.2110E-07, 1.4805E-12, 8.0508E-12, 2.3676E-07
1411, -9.3278E-04, 1.8450E-12, 8.8224E-12, 2.1591E-07
1412, -8.8423E-04, 1.5492E-12, 8.7341E-12, 2.3599E-07
1413, -8.4738E-04, 2.0362E-12, 9.8981E-12, 2.1473E-07
1414, -7.3192E-04, 1.5934E-12, 9.0062E-12, 2.3480E-07
1415, -7.1247E-04, 1.8893E-12, 9.6432E-12, 2.1379E-07
1416, -9.1560E-04, 1.6700E-12, 8.8774E-12, 2.3370E-07
1417, -9.0007E-04, 1.8283E-12, 9.1425E-12, 2.1387E-07
1418, -8.5091E-04, 2.8456E-12, 8.3183E-11, 2.3446E-07
1419, -2.5975E-07, 1.8567E-12, 8.6803E-12, 2.1485E-07
1420, -8.4836E-04, 1.7605E-12, 8.1851E-12, 2.3576E-07
1421, -8.6034E-04, 1.6107E-12, 7.7672E-12, 2.1696E-07
1422, -3.0994E-04, 1.6233E-12, 7.5889E-12, 2.3834E-07
1423, -8.4718E-04, 1.5756E-12, 7.2514E-12, 2.1928E-07
1424, -9.2459E-04, 1.9156E-12, 1.2165E-11, 2.3080E-07
1425, -9.2195E-04, 2.1931E-12, 1.3229E-11, 2.1140E-07
1426, -9.3839E-04, 2.2976E-12, 1.3651E-11, 2.3061E-07
1427, -9.3274E-04, 2.5783E-12, 1.4625E-11, 2.0862E-07
1428, -9.2289E-04, 2.5452E-12, 1.6341E-11, 2.2623E-07
1429, -7.7077E-04, 2.6431E-12, 1.6739E-11, 2.0453E-07
1430, -7.5852E-04, 2.7240E-12, 1.9065E-11, 2.2306E-07
1431, -3.2631E-04, 2.7462E-12, 1.8612E-11, 2.0403E-07
1432, -7.2870E-04, 2.7225E-12, 1.8864E-11, 2.2381E-07
1433, -6.2515E-04, 2.5200E-12, 1.5254E-11, 2.0578E-07
1434, -8.2834E-04, 2.0637E-12, 1.4815E-11, 2.2641E-07
1435, -9.0448E-04, 2.1224E-12, 1.2531E-11, 2.0880E-07
1436, -6.9957E-08, 1.8988E-12, 1.1806E-11, 2.2943E-07
1437, -7.2759E-04, 1.8754E-12, 1.0196E-11, 2.1154E-07
1438, -6.5057E-04, 1.9490E-12, 1.0299E-11, 2.3257E-07
1439, -4.3535E-04, 1.9156E-12, 9.1892E-12, 2.1522E-07
